[{"stream_name":"stdout","time":0.889940461,"data":"embedded source extracted to /kaggle/working/_code\n"}
,{"stream_name":"stdout","time":0.89001718,"data":"run parameters: {'DERMIL_BUDGET_HOURS': '8.5', 'DERMIL_CACHE': '1', 'DERMIL_EXTERNAL': '1', 'DERMIL_FINAL_MODE': 'refit', 'DERMIL_MODELS': 'rcaf,mr_mil,der_mil,lesion_mil,image_mil', 'DERMIL_ROBUST': '1', 'DERMIL_RUN': 'main'}\n"}
,{"stream_name":"stderr","time":6.480578574,"data":"/usr/local/lib/python3.12/dist-packages/torch/cuda/__init__.py:435: UserWarning: \n"}
,{"stream_name":"stderr","time":6.480624937,"data":"    Found GPU0 Tesla P100-PCIE-16GB which is of cuda capability 6.0.\n"}
,{"stream_name":"stderr","time":6.480634399,"data":"    Minimum and Maximum cuda capability supported by this version of PyTorch is\n"}
,{"stream_name":"stderr","time":6.480637968,"data":"    (7.0) - (12.0)\n"}
,{"stream_name":"stderr","time":6.480654417,"data":"    \n"}
,{"stream_name":"stderr","time":6.480659456,"data":"  queued_call()\n"}
,{"stream_name":"stderr","time":6.48066449,"data":"/usr/local/lib/python3.12/dist-packages/torch/cuda/__init__.py:435: UserWarning: \n"}
,{"stream_name":"stderr","time":6.480669402,"data":"    Please install PyTorch with a following CUDA\n"}
,{"stream_name":"stderr","time":6.480683992,"data":"    configurations:  12.6 following instructions at\n"}
,{"stream_name":"stderr","time":6.480688853,"data":"    https://pytorch.org/get-started/locally/\n"}
,{"stream_name":"stderr","time":6.480693684,"data":"    \n"}
,{"stream_name":"stderr","time":6.480697944,"data":"  queued_call()\n"}
,{"stream_name":"stderr","time":6.480705433,"data":"/usr/local/lib/python3.12/dist-packages/torch/cuda/__init__.py:435: UserWarning: \n"}
,{"stream_name":"stderr","time":6.480709953,"data":"Tesla P100-PCIE-16GB with CUDA capability sm_60 is not compatible with the current PyTorch installation.\n"}
,{"stream_name":"stderr","time":6.480714452,"data":"The current PyTorch install supports CUDA capabilities sm_70 sm_75 sm_80 sm_86 sm_90 sm_100 sm_120.\n"}
,{"stream_name":"stderr","time":6.480719045,"data":"If you want to use the Tesla P100-PCIE-16GB GPU with PyTorch, please check the instructions at https://pytorch.org/get-started/locally/\n"}
,{"stream_name":"stderr","time":6.480723739,"data":"\n"}
,{"stream_name":"stderr","time":6.480727815,"data":"  queued_call()\n"}
,{"stream_name":"stdout","time":6.482243651,"data":"GPU: Tesla P100-PCIE-16GB (sm_60) | torch 2.10.0+cu128 supports ['sm_70', 'sm_75', 'sm_80', 'sm_86', 'sm_90', 'sm_100', 'sm_120']\n"}
,{"stream_name":"stdout","time":6.482257508,"data":"INCOMPATIBLE: installing a PyTorch build with sm_60 support ...\n"}
,{"stream_name":"stdout","time":168.864109741,"data":"pip rc=0 in 2.7 min\n"}
,{"stream_name":"stdout","time":168.864155586,"data":"re-executing with the new PyTorch ...\n"}
,{"stream_name":"stdout","time":283.263815241,"data":"embedded source extracted to /kaggle/working/_code\n"}
,{"stream_name":"stdout","time":283.263864676,"data":"run parameters: {'DERMIL_BUDGET_HOURS': '8.5', 'DERMIL_CACHE': '1', 'DERMIL_EXTERNAL': '1', 'DERMIL_FINAL_MODE': 'refit', 'DERMIL_MODELS': 'rcaf,mr_mil,der_mil,lesion_mil,image_mil', 'DERMIL_ROBUST': '1', 'DERMIL_RUN': 'main'}\n"}
,{"stream_name":"stdout","time":283.263872482,"data":"code    : /kaggle/working/_code\n"}
,{"stream_name":"stdout","time":283.263877401,"data":"thyroid : /kaggle/input/datasets/safaaqaisi/thyroidxl\n"}
,{"stream_name":"stdout","time":283.263882311,"data":"tn5000  : /kaggle/input/datasets/abdullahelafifi/main-data/Main data\n"}
,{"stream_name":"stdout","time":283.263887402,"data":"\n"}
,{"stream_name":"stdout","time":283.26389189,"data":"==============================================================================\n"}
,{"stream_name":"stdout","time":283.263909161,"data":"FRESH RUN (no previous checkpoints attached)\n"}
,{"stream_name":"stdout","time":283.263913845,"data":"==============================================================================\n"}
,{"stream_name":"stdout","time":290.052197388,"data":"torch 2.5.1+cu121 | CUDA True | Tesla P100-PCIE-16GB\n"}
,{"stream_name":"stdout","time":290.052259581,"data":"\n"}
,{"stream_name":"stdout","time":290.052265034,"data":"registry on entry:\n"}
,{"stream_name":"stdout","time":290.052268841,"data":"(registry empty -- nothing completed yet)\n"}
,{"stream_name":"stdout","time":290.052272428,"data":"\n"}
,{"stream_name":"stdout","time":290.05227573,"data":"models: ['rcaf', 'mr_mil', 'der_mil', 'lesion_mil', 'image_mil'] | final_mode: refit | budget: 8.5 h\n"}
,{"stream_name":"stdout","time":290.052279391,"data":"\n"}
,{"stream_name":"stdout","time":290.052282775,"data":"==============================================================================\n"}
,{"stream_name":"stdout","time":290.052286237,"data":"DATA\n"}
,{"stream_name":"stdout","time":290.05228945,"data":"==============================================================================\n"}
,{"stream_name":"stdout","time":290.052292806,"data":"\n"}
,{"stream_name":"stdout","time":290.052296003,"data":"==============================================================================\n"}
,{"stream_name":"stdout","time":290.052299298,"data":"BUILDING THYROIDXL PATIENT MANIFEST\n"}
,{"stream_name":"stdout","time":290.052302588,"data":"==============================================================================\n"}
,{"stream_name":"stdout","time":290.058737247,"data":"[    3.8s] ThyroidXL adapter: root = /kaggle/input/datasets/safaaqaisi/thyroidxl/ThyroidXL\n"}
,{"stream_name":"stdout","time":290.121266697,"data":"[    3.9s] ThyroidXL adapter: 3354 train / 739 test patients, 4093 in id2info\n"}
,{"stream_name":"stdout","time":306.557387454,"data":"[   20.3s] ThyroidXL adapter: 4093 patients, 11635 frames\n"}
,{"stream_name":"stdout","time":306.562377903,"data":"[   20.3s] ThyroidXL adapter: Table 1 reproduced exactly (3354/739 patients, 9541/2094 images, 877/353 malignant, TIRADS match)\n"}
,{"stream_name":"stdout","time":306.574383467,"data":"[   20.4s] label provenance:\n"}
,{"stream_name":"stdout","time":306.574406582,"data":"split            conclusion_text    n         source\n"}
,{"stream_name":"stdout","time":306.574412988,"data":"  dev              Benign (FNAC) 2397           FNAC\n"}
,{"stream_name":"stdout","time":306.574418521,"data":"  dev    Benign (Histopathology)   80 histopathology\n"}
,{"stream_name":"stdout","time":306.574423952,"data":"  dev           Malignant (FNAC)  366           FNAC\n"}
,{"stream_name":"stdout","time":306.574429046,"data":"  dev Malignant (Histopathology)  511 histopathology\n"}
,{"stream_name":"stdout","time":306.574434273,"data":" test              Benign (FNAC)  372           FNAC\n"}
,{"stream_name":"stdout","time":306.574439049,"data":" test    Benign (Histopathology)   14 histopathology\n"}
,{"stream_name":"stdout","time":306.574444178,"data":" test           Malignant (FNAC)  156           FNAC\n"}
,{"stream_name":"stdout","time":306.574449657,"data":" test Malignant (Histopathology)  197 histopathology\n"}
,{"stream_name":"stdout","time":306.578597636,"data":"[   20.4s] leakage check: OK -- 4093 unique patients, no split overlap\n"}
,{"stream_name":"stdout","time":306.592133241,"data":"[   20.4s] folds:\n"}
,{"stream_name":"stdout","time":306.592153622,"data":"      size      mean\n"}
,{"stream_name":"stdout","time":306.592159317,"data":"fold                \n"}
,{"stream_name":"stdout","time":306.592177659,"data":"0      671  0.260805\n"}
,{"stream_name":"stdout","time":306.592181537,"data":"1      671  0.260805\n"}
,{"stream_name":"stdout","time":306.592185253,"data":"2      671  0.262295\n"}
,{"stream_name":"stdout","time":306.592188989,"data":"3      671  0.262295\n"}
,{"stream_name":"stdout","time":306.59219289,"data":"4      670  0.261194\n"}
,{"stream_name":"stdout","time":306.59679738,"data":"[   20.4s] split validation: OK (dev=3354, test=739, folds=5)\n"}
,{"stream_name":"stdout","time":306.699999136,"data":"[   20.5s] split validation: OK (dev=3354, test=739, folds=5)\n"}
,{"stream_name":"stdout","time":306.860914323,"data":"[   20.6s] mask coverage: {'frames': 11635, 'pixel_mask': 1.0, 'bbox_only': 0.0, 'no_mask': 0.0}\n"}
,{"stream_name":"stdout","time":306.868268728,"data":"                                          Development set                     Test set\n"}
,{"stream_name":"stdout","time":306.868292455,"data":"Number of patients                                   3354                          739\n"}
,{"stream_name":"stdout","time":306.868299017,"data":"Number of images                                     9541                         2094\n"}
,{"stream_name":"stdout","time":306.86830343,"data":"Frames per patient (min-max)                         1-10                          1-8\n"}
,{"stream_name":"stdout","time":306.868307096,"data":"Mean frames per patient                              2.84                         2.83\n"}
,{"stream_name":"stdout","time":306.868310832,"data":"Median frames per patient                               3                            3\n"}
,{"stream_name":"stdout","time":306.868314465,"data":"Benign patients, n (%)                       2477 (73.9%)                  386 (52.2%)\n"}
,{"stream_name":"stdout","time":306.868318146,"data":"Malignant patients, n (%)                     877 (26.1%)                  353 (47.8%)\n"}
,{"stream_name":"stdout","time":306.868322238,"data":"TIRADS 1, n                                            24                            0\n"}
,{"stream_name":"stdout","time":306.868327832,"data":"TIRADS 2, n                                           328                           45\n"}
,{"stream_name":"stdout","time":306.868333337,"data":"TIRADS 3, n                                          1090                          182\n"}
,{"stream_name":"stdout","time":306.868337001,"data":"TIRADS 4, n                                          1024                          215\n"}
,{"stream_name":"stdout","time":306.868340681,"data":"TIRADS 5, n                                           888                          297\n"}
,{"stream_name":"stdout","time":306.868344453,"data":"Mean age, years               48.2 +/- 12.7 (range 12-94)  47.6 +/- 12.8 (range 14-84)\n"}
,{"stream_name":"stdout","time":306.868348266,"data":"\n"}
,{"stream_name":"stdout","time":306.868351651,"data":"==============================================================================\n"}
,{"stream_name":"stdout","time":306.868355266,"data":"BUILDING RESIZE CACHE (224 px)\n"}
,{"stream_name":"stdout","time":306.868358821,"data":"==============================================================================\n"}
,{"stream_name":"stdout","time":307.178092802,"data":"[   21.0s] resize cache: 23270 files total, 0 already cached, 23270 to build\n"}
,{"stream_name":"stdout","time":313.253716783,"data":"[   27.0s]   cached 2000/23270\n"}
,{"stream_name":"stdout","time":318.610011195,"data":"[   32.4s]   cached 4000/23270\n"}
,{"stream_name":"stdout","time":324.591057762,"data":"[   38.4s]   cached 6000/23270\n"}
,{"stream_name":"stdout","time":331.077609054,"data":"[   44.9s]   cached 8000/23270\n"}
,{"stream_name":"stdout","time":336.701990457,"data":"[   50.5s]   cached 10000/23270\n"}
,{"stream_name":"stdout","time":342.151056948,"data":"[   55.9s]   cached 12000/23270\n"}
,{"stream_name":"stdout","time":347.748524262,"data":"[   61.5s]   cached 14000/23270\n"}
,{"stream_name":"stdout","time":353.347761794,"data":"[   67.1s]   cached 16000/23270\n"}
,{"stream_name":"stdout","time":358.877141527,"data":"[   72.7s]   cached 18000/23270\n"}
,{"stream_name":"stdout","time":366.311658269,"data":"[   80.1s]   cached 20000/23270\n"}
,{"stream_name":"stdout","time":372.100028031,"data":"[   85.9s]   cached 22000/23270\n"}
,{"stream_name":"stdout","time":377.37568902,"data":"[   91.2s] resize cache: ready -- 23270 files, 1.1GB on disk\n"}
,{"stream_name":"stdout","time":377.48794063,"data":"[   91.3s] cache verify: {'checked': 40, 'bad_shape': 0, 'bad_mask': 0}\n"}
,{"stream_name":"stdout","time":377.557901096,"data":"[   91.3s] resize cache ready in 1.2 min\n"}
,{"stream_name":"stdout","time":377.557927542,"data":"\n"}
,{"stream_name":"stdout","time":377.557932802,"data":"==============================================================================\n"}
,{"stream_name":"stdout","time":377.557937517,"data":"TRAINING\n"}
,{"stream_name":"stdout","time":377.557942224,"data":"==============================================================================\n"}
,{"stream_name":"stderr","time":377.97585968,"data":"Downloading: \"https://download.pytorch.org/models/resnet50-0676ba61.pth\" to /root/.cache/torch/hub/checkpoints/resnet50-0676ba61.pth\n"}
,{"stream_name":"stderr","time":378.68204993,"data":"\r  0%|          | 0.00/97.8M [00:00\u003c?, ?B/s]\r 10%|▉         | 9.75M/97.8M [00:00\u003c00:00, 102MB/s]\r 33%|███▎      | 32.1M/97.8M [00:00\u003c00:00, 180MB/s]\r 51%|█████▏    | 50.1M/97.8M [00:00\u003c00:00, 184MB/s]\r 69%|██████▉   | 67.8M/97.8M [00:00\u003c00:00, 171MB/s]\r 90%|█████████ | 88.1M/97.8M [00:00\u003c00:00, 186MB/s]\r100%|██████████| 97.8M/97.8M [00:00\u003c00:00, 182MB/s]\n"}
,{"stream_name":"stdout","time":378.949494658,"data":"[   92.7s] main/rcaf/fold0: 24,230,082 parameters\n"}
,{"stream_name":"stdout","time":378.950552759,"data":"[   92.7s] --- main/rcaf/fold0 stage 1 (lr=1.0e-03, \u003c=10 epochs, patience 3) ---\n"}
,{"stream_name":"stdout","time":440.32148767,"data":"[  154.1s]   s1 e00  loss 0.4372 | val roc_auc 0.9880 | best 0.9880  *\n"}
,{"stream_name":"stdout","time":489.295060108,"data":"[  203.1s]   s1 e01  loss 0.2759 | val roc_auc 0.9882 | best 0.9882  *\n"}
,{"stream_name":"stdout","time":538.375826919,"data":"[  252.2s]   s1 e02  loss 0.2462 | val roc_auc 0.9860 | best 0.9882\n"}
,{"stream_name":"stdout","time":586.446442006,"data":"[  300.2s]   s1 e03  loss 0.2401 | val roc_auc 0.9889 | best 0.9889  *\n"}
,{"stream_name":"stdout","time":634.000380222,"data":"[  347.8s]   s1 e04  loss 0.2253 | val roc_auc 0.9874 | best 0.9889\n"}
,{"stream_name":"stdout","time":682.781018874,"data":"[  396.6s]   s1 e05  loss 0.2251 | val roc_auc 0.9886 | best 0.9889\n"}
,{"stream_name":"stdout","time":730.873711058,"data":"[  444.7s]   s1 e06  loss 0.2292 | val roc_auc 0.9887 | best 0.9889\n"}
,{"stream_name":"stdout","time":731.109432417,"data":"[  444.9s]   early stop after 3 epochs without improvement\n"}
,{"stream_name":"stdout","time":731.110853353,"data":"[  444.9s] --- main/rcaf/fold0 stage 2 (lr=1.0e-04, \u003c=15 epochs, patience 4) ---\n"}
,{"stream_name":"stdout","time":828.356490978,"data":"[  542.1s]   s2 e00  loss 0.5707 | val roc_auc 0.9911 | best 0.9911  *\n"}
,{"stream_name":"stdout","time":890.332750855,"data":"[  604.1s]   s2 e01  loss 0.2746 | val roc_auc 0.9919 | best 0.9919  *\n"}
,{"stream_name":"stdout","time":953.599799662,"data":"[  667.4s]   s2 e02  loss 0.2171 | val roc_auc 0.9929 | best 0.9929  *\n"}
,{"stream_name":"stdout","time":1017.723132645,"data":"[  731.5s]   s2 e03  loss 0.1927 | val roc_auc 0.9890 | best 0.9929\n"}
,{"stream_name":"stdout","time":1078.063508983,"data":"[  791.8s]   s2 e04  loss 0.1668 | val roc_auc 0.9939 | best 0.9939  *\n"}
,{"stream_name":"stdout","time":1139.344719994,"data":"[  853.1s]   s2 e05  loss 0.1665 | val roc_auc 0.9937 | best 0.9939\n"}
,{"stream_name":"stdout","time":1199.487874549,"data":"[  913.3s]   s2 e06  loss 0.1486 | val roc_auc 0.9926 | best 0.9939\n"}
,{"stream_name":"stdout","time":1260.847002678,"data":"[  974.6s]   s2 e07  loss 0.1566 | val roc_auc 0.9926 | best 0.9939\n"}
,{"stream_name":"stdout","time":1320.253435323,"data":"[ 1034.0s]   s2 e08  loss 0.1433 | val roc_auc 0.9930 | best 0.9939\n"}
,{"stream_name":"stdout","time":1320.828486656,"data":"[ 1034.6s]   early stop after 4 epochs without improvement\n"}
,{"stream_name":"stdout","time":1321.044641092,"data":"[ 1034.8s] main/rcaf/fold0: finished. best val roc_auc = 0.9939 (stage 2, epoch 4)\n"}
,{"stream_name":"stdout","time":1328.588391531,"data":"[ 1042.4s] fold 0 rcaf: held-out ROC-AUC = 0.9939\n"}
,{"stream_name":"stdout","time":1328.691143618,"data":"[ 1042.5s] fold wall-clock 15.9 min | elapsed 0.32 h | budget left 7.98 h\n"}
,{"stream_name":"stdout","time":1329.252625299,"data":"[ 1043.0s] main/rcaf/fold1: 24,230,082 parameters\n"}
,{"stream_name":"stdout","time":1329.253540129,"data":"[ 1043.0s] --- main/rcaf/fold1 stage 1 (lr=1.0e-03, \u003c=10 epochs, patience 3) ---\n"}
,{"stream_name":"stdout","time":1371.906346209,"data":"[ 1085.7s]   s1 e00  loss 0.3862 | val roc_auc 0.9838 | best 0.9838  *\n"}
,{"stream_name":"stdout","time":1413.907735647,"data":"[ 1127.7s]   s1 e01  loss 0.3211 | val roc_auc 0.9816 | best 0.9838\n"}
,{"stream_name":"stdout","time":1456.049348417,"data":"[ 1169.8s]   s1 e02  loss 0.2464 | val roc_auc 0.9848 | best 0.9848  *\n"}
,{"stream_name":"stdout","time":1498.084603173,"data":"[ 1211.9s]   s1 e03  loss 0.2391 | val roc_auc 0.9851 | best 0.9851  *\n"}
,{"stream_name":"stdout","time":1540.87900122,"data":"[ 1254.7s]   s1 e04  loss 0.2344 | val roc_auc 0.9834 | best 0.9851\n"}
,{"stream_name":"stdout","time":1583.688581664,"data":"[ 1297.5s]   s1 e05  loss 0.2274 | val roc_auc 0.9859 | best 0.9859  *\n"}
,{"stream_name":"stdout","time":1626.199766616,"data":"[ 1340.0s]   s1 e06  loss 0.2026 | val roc_auc 0.9869 | best 0.9869  *\n"}
,{"stream_name":"stdout","time":1668.840516158,"data":"[ 1382.6s]   s1 e07  loss 0.1954 | val roc_auc 0.9822 | best 0.9869\n"}
,{"stream_name":"stdout","time":1710.344828528,"data":"[ 1424.1s]   s1 e08  loss 0.2200 | val roc_auc 0.9861 | best 0.9869\n"}
,{"stream_name":"stdout","time":1751.78261564,"data":"[ 1465.6s]   s1 e09  loss 0.1962 | val roc_auc 0.9879 | best 0.9879  *\n"}
,{"stream_name":"stdout","time":1752.109744363,"data":"[ 1465.9s] --- main/rcaf/fold1 stage 2 (lr=1.0e-04, \u003c=15 epochs, patience 4) ---\n"}
,{"stream_name":"stdout","time":1809.019223104,"data":"[ 1522.8s]   s2 e00  loss 0.5277 | val roc_auc 0.9891 | best 0.9891  *\n"}
,{"stream_name":"stdout","time":1867.679677865,"data":"[ 1581.5s]   s2 e01  loss 0.2793 | val roc_auc 0.9877 | best 0.9891\n"}
,{"stream_name":"stdout","time":1926.445427436,"data":"[ 1640.2s]   s2 e02  loss 0.1937 | val roc_auc 0.9910 | best 0.9910  *\n"}
,{"stream_name":"stdout","time":1984.743699808,"data":"[ 1698.5s]   s2 e03  loss 0.1896 | val roc_auc 0.9920 | best 0.9920  *\n"}
,{"stream_name":"stdout","time":2042.606324143,"data":"[ 1756.4s]   s2 e04  loss 0.1985 | val roc_auc 0.9917 | best 0.9920\n"}
,{"stream_name":"stdout","time":2100.233284185,"data":"[ 1814.0s]   s2 e05  loss 0.1576 | val roc_auc 0.9910 | best 0.9920\n"}
,{"stream_name":"stdout","time":2158.999587679,"data":"[ 1872.8s]   s2 e06  loss 0.1391 | val roc_auc 0.9929 | best 0.9929  *\n"}
,{"stream_name":"stdout","time":2217.017442953,"data":"[ 1930.8s]   s2 e07  loss 0.1366 | val roc_auc 0.9866 | best 0.9929\n"}
,{"stream_name":"stdout","time":2276.214673379,"data":"[ 1990.0s]   s2 e08  loss 0.1376 | val roc_auc 0.9918 | best 0.9929\n"}
,{"stream_name":"stdout","time":2334.517538148,"data":"[ 2048.3s]   s2 e09  loss 0.1157 | val roc_auc 0.9848 | best 0.9929\n"}
,{"stream_name":"stdout","time":2392.439042309,"data":"[ 2106.2s]   s2 e10  loss 0.1467 | val roc_auc 0.9902 | best 0.9929\n"}
,{"stream_name":"stdout","time":2392.979526751,"data":"[ 2106.8s]   early stop after 4 epochs without improvement\n"}
,{"stream_name":"stdout","time":2393.207435344,"data":"[ 2107.0s] main/rcaf/fold1: finished. best val roc_auc = 0.9929 (stage 2, epoch 6)\n"}
,{"stream_name":"stdout","time":2401.182610743,"data":"[ 2115.0s] fold 1 rcaf: held-out ROC-AUC = 0.9929\n"}
,{"stream_name":"stdout","time":2401.287851712,"data":"[ 2115.1s] fold wall-clock 17.9 min | elapsed 0.62 h | budget left 7.68 h\n"}
,{"stream_name":"stdout","time":2401.918944686,"data":"[ 2115.7s] main/rcaf/fold2: 24,230,082 parameters\n"}
,{"stream_name":"stdout","time":2401.919958798,"data":"[ 2115.7s] --- main/rcaf/fold2 stage 1 (lr=1.0e-03, \u003c=10 epochs, patience 3) ---\n"}
,{"stream_name":"stdout","time":2444.741760856,"data":"[ 2158.5s]   s1 e00  loss 0.4378 | val roc_auc 0.9774 | best 0.9774  *\n"}
,{"stream_name":"stdout","time":2486.433818129,"data":"[ 2200.2s]   s1 e01  loss 0.2576 | val roc_auc 0.9792 | best 0.9792  *\n"}
,{"stream_name":"stdout","time":2528.395442453,"data":"[ 2242.2s]   s1 e02  loss 0.2399 | val roc_auc 0.9798 | best 0.9798  *\n"}
,{"stream_name":"stdout","time":2569.442348477,"data":"[ 2283.2s]   s1 e03  loss 0.2307 | val roc_auc 0.9814 | best 0.9814  *\n"}
,{"stream_name":"stdout","time":2610.886707371,"data":"[ 2324.7s]   s1 e04  loss 0.2038 | val roc_auc 0.9798 | best 0.9814\n"}
,{"stream_name":"stdout","time":2652.004420178,"data":"[ 2365.8s]   s1 e05  loss 0.2287 | val roc_auc 0.9802 | best 0.9814\n"}
,{"stream_name":"stdout","time":2692.800154442,"data":"[ 2406.6s]   s1 e06  loss 0.2315 | val roc_auc 0.9766 | best 0.9814\n"}
,{"stream_name":"stdout","time":2693.003358742,"data":"[ 2406.8s]   early stop after 3 epochs without improvement\n"}
,{"stream_name":"stdout","time":2693.004814405,"data":"[ 2406.8s] --- main/rcaf/fold2 stage 2 (lr=1.0e-04, \u003c=15 epochs, patience 4) ---\n"}
,{"stream_name":"stdout","time":2752.91921808,"data":"[ 2466.7s]   s2 e00  loss 0.4722 | val roc_auc 0.9741 | best 0.9814\n"}
,{"stream_name":"stdout","time":2811.093588235,"data":"[ 2524.9s]   s2 e01  loss 0.2638 | val roc_auc 0.9879 | best 0.9879  *\n"}
,{"stream_name":"stdout","time":2869.294574469,"data":"[ 2583.1s]   s2 e02  loss 0.2192 | val roc_auc 0.9881 | best 0.9881  *\n"}
,{"stream_name":"stdout","time":2927.353218725,"data":"[ 2641.1s]   s2 e03  loss 0.1877 | val roc_auc 0.9887 | best 0.9887  *\n"}
,{"stream_name":"stdout","time":2986.065950711,"data":"[ 2699.8s]   s2 e04  loss 0.1747 | val roc_auc 0.9851 | best 0.9887\n"}
,{"stream_name":"stdout","time":3043.954594597,"data":"[ 2757.7s]   s2 e05  loss 0.1870 | val roc_auc 0.9819 | best 0.9887\n"}
,{"stream_name":"stdout","time":3102.762499539,"data":"[ 2816.5s]   s2 e06  loss 0.1368 | val roc_auc 0.9820 | best 0.9887\n"}
,{"stream_name":"stdout","time":3160.927621358,"data":"[ 2874.7s]   s2 e07  loss 0.1724 | val roc_auc 0.9856 | best 0.9887\n"}
,{"stream_name":"stdout","time":3161.483493732,"data":"[ 2875.3s]   early stop after 4 epochs without improvement\n"}
,{"stream_name":"stdout","time":3161.726387327,"data":"[ 2875.5s] main/rcaf/fold2: finished. best val roc_auc = 0.9887 (stage 2, epoch 3)\n"}
,{"stream_name":"stdout","time":3169.61017928,"data":"[ 2883.4s] fold 2 rcaf: held-out ROC-AUC = 0.9887\n"}
,{"stream_name":"stdout","time":3169.715856868,"data":"[ 2883.5s] fold wall-clock 12.8 min | elapsed 0.83 h | budget left 7.47 h\n"}
,{"stream_name":"stdout","time":3170.306031139,"data":"[ 2884.1s] main/rcaf/fold3: 24,230,082 parameters\n"}
,{"stream_name":"stdout","time":3170.307630606,"data":"[ 2884.1s] --- main/rcaf/fold3 stage 1 (lr=1.0e-03, \u003c=10 epochs, patience 3) ---\n"}
,{"stream_name":"stdout","time":3213.756359581,"data":"[ 2927.5s]   s1 e00  loss 0.3773 | val roc_auc 0.9844 | best 0.9844  *\n"}
,{"stream_name":"stdout","time":3256.240830006,"data":"[ 2970.0s]   s1 e01  loss 0.2768 | val roc_auc 0.9882 | best 0.9882  *\n"}
,{"stream_name":"stdout","time":3299.294213548,"data":"[ 3013.1s]   s1 e02  loss 0.2707 | val roc_auc 0.9900 | best 0.9900  *\n"}
,{"stream_name":"stdout","time":3341.77957728,"data":"[ 3055.6s]   s1 e03  loss 0.2451 | val roc_auc 0.9906 | best 0.9906  *\n"}
,{"stream_name":"stdout","time":3384.254878111,"data":"[ 3098.0s]   s1 e04  loss 0.2342 | val roc_auc 0.9877 | best 0.9906\n"}
,{"stream_name":"stdout","time":3425.912158487,"data":"[ 3139.7s]   s1 e05  loss 0.2354 | val roc_auc 0.9891 | best 0.9906\n"}
,{"stream_name":"stdout","time":3466.998507547,"data":"[ 3180.8s]   s1 e06  loss 0.2272 | val roc_auc 0.9904 | best 0.9906\n"}
,{"stream_name":"stdout","time":3467.219128128,"data":"[ 3181.0s]   early stop after 3 epochs without improvement\n"}
,{"stream_name":"stdout","time":3467.220582826,"data":"[ 3181.0s] --- main/rcaf/fold3 stage 2 (lr=1.0e-04, \u003c=15 epochs, patience 4) ---\n"}
,{"stream_name":"stdout","time":3527.768664607,"data":"[ 3241.5s]   s2 e00  loss 0.4746 | val roc_auc 0.9895 | best 0.9906\n"}
,{"stream_name":"stdout","time":3589.278842106,"data":"[ 3303.1s]   s2 e01  loss 0.2682 | val roc_auc 0.9878 | best 0.9906\n"}
,{"stream_name":"stdout","time":3647.293591072,"data":"[ 3361.1s]   s2 e02  loss 0.2203 | val roc_auc 0.9927 | best 0.9927  *\n"}
,{"stream_name":"stdout","time":3705.538198407,"data":"[ 3419.3s]   s2 e03  loss 0.1912 | val roc_auc 0.9917 | best 0.9927\n"}
,{"stream_name":"stdout","time":3764.262927296,"data":"[ 3478.0s]   s2 e04  loss 0.1843 | val roc_auc 0.9915 | best 0.9927\n"}
,{"stream_name":"stdout","time":3821.938415626,"data":"[ 3535.7s]   s2 e05  loss 0.1912 | val roc_auc 0.9908 | best 0.9927\n"}
,{"stream_name":"stdout","time":3880.178886029,"data":"[ 3594.0s]   s2 e06  loss 0.1566 | val roc_auc 0.9919 | best 0.9927\n"}
,{"stream_name":"stdout","time":3880.696401602,"data":"[ 3594.5s]   early stop after 4 epochs without improvement\n"}
,{"stream_name":"stdout","time":3880.907928256,"data":"[ 3594.7s] main/rcaf/fold3: finished. best val roc_auc = 0.9927 (stage 2, epoch 2)\n"}
,{"stream_name":"stdout","time":3888.183344257,"data":"[ 3602.0s] fold 3 rcaf: held-out ROC-AUC = 0.9927\n"}
,{"stream_name":"stdout","time":3888.287184675,"data":"[ 3602.1s] fold wall-clock 12.0 min | elapsed 1.03 h | budget left 7.27 h\n"}
,{"stream_name":"stdout","time":3888.844821289,"data":"[ 3602.6s] main/rcaf/fold4: 24,230,082 parameters\n"}
,{"stream_name":"stdout","time":3888.845697596,"data":"[ 3602.6s] --- main/rcaf/fold4 stage 1 (lr=1.0e-03, \u003c=10 epochs, patience 3) ---\n"}
,{"stream_name":"stdout","time":3928.728250994,"data":"[ 3642.5s]   s1 e00  loss 0.3756 | val roc_auc 0.9847 | best 0.9847  *\n"}
,{"stream_name":"stdout","time":3968.812007651,"data":"[ 3682.6s]   s1 e01  loss 0.3002 | val roc_auc 0.9858 | best 0.9858  *\n"}
,{"stream_name":"stdout","time":4009.418315197,"data":"[ 3723.2s]   s1 e02  loss 0.2597 | val roc_auc 0.9849 | best 0.9858\n"}
,{"stream_name":"stdout","time":4049.937530592,"data":"[ 3763.7s]   s1 e03  loss 0.2310 | val roc_auc 0.9828 | best 0.9858\n"}
,{"stream_name":"stdout","time":4090.142534602,"data":"[ 3803.9s]   s1 e04  loss 0.2359 | val roc_auc 0.9870 | best 0.9870  *\n"}
,{"stream_name":"stdout","time":4130.712864305,"data":"[ 3844.5s]   s1 e05  loss 0.2478 | val roc_auc 0.9824 | best 0.9870\n"}
,{"stream_name":"stdout","time":4171.02023406,"data":"[ 3884.8s]   s1 e06  loss 0.2374 | val roc_auc 0.9868 | best 0.9870\n"}
,{"stream_name":"stdout","time":4210.887478127,"data":"[ 3924.7s]   s1 e07  loss 0.2174 | val roc_auc 0.9839 | best 0.9870\n"}
,{"stream_name":"stdout","time":4211.090758766,"data":"[ 3924.9s]   early stop after 3 epochs without improvement\n"}
,{"stream_name":"stdout","time":4211.092189895,"data":"[ 3924.9s] --- main/rcaf/fold4 stage 2 (lr=1.0e-04, \u003c=15 epochs, patience 4) ---\n"}
,{"stream_name":"stdout","time":4268.555446597,"data":"[ 3982.3s]   s2 e00  loss 0.5120 | val roc_auc 0.9859 | best 0.9870\n"}
,{"stream_name":"stdout","time":4327.275712136,"data":"[ 4041.1s]   s2 e01  loss 0.2897 | val roc_auc 0.9940 | best 0.9940  *\n"}
,{"stream_name":"stdout","time":4384.992214297,"data":"[ 4098.8s]   s2 e02  loss 0.2126 | val roc_auc 0.9929 | best 0.9940\n"}
,{"stream_name":"stdout","time":4442.888657803,"data":"[ 4156.7s]   s2 e03  loss 0.1973 | val roc_auc 0.9881 | best 0.9940\n"}
,{"stream_name":"stdout","time":4500.093423188,"data":"[ 4213.9s]   s2 e04  loss 0.1710 | val roc_auc 0.9929 | best 0.9940\n"}
,{"stream_name":"stdout","time":4558.047696337,"data":"[ 4271.8s]   s2 e05  loss 0.1602 | val roc_auc 0.9827 | best 0.9940\n"}
,{"stream_name":"stdout","time":4558.567816251,"data":"[ 4272.3s]   early stop after 4 epochs without improvement\n"}
,{"stream_name":"stdout","time":4558.786247326,"data":"[ 4272.6s] main/rcaf/fold4: finished. best val roc_auc = 0.9940 (stage 2, epoch 1)\n"}
,{"stream_name":"stdout","time":4566.328557053,"data":"[ 4280.1s] fold 4 rcaf: held-out ROC-AUC = 0.9940\n"}
,{"stream_name":"stdout","time":4566.418522701,"data":"[ 4280.2s] fold wall-clock 11.3 min | elapsed 1.22 h | budget left 7.08 h\n"}
,{"stream_name":"stdout","time":4566.997292759,"data":"[ 4280.8s] main/mr_mil/fold0: 26,757,801 parameters\n"}
,{"stream_name":"stdout","time":4566.998338714,"data":"[ 4280.8s] --- main/mr_mil/fold0 stage 1 (lr=1.0e-03, \u003c=10 epochs, patience 3) ---\n"}
,{"stream_name":"stdout","time":4616.305500867,"data":"[ 4330.1s]   s1 e00  loss 0.9811 | val roc_auc 0.7930 | best 0.7930  *\n"}
,{"stream_name":"stdout","time":4660.805053981,"data":"[ 4374.6s]   s1 e01  loss 0.8237 | val roc_auc 0.8320 | best 0.8320  *\n"}
,{"stream_name":"stdout","time":4705.748515221,"data":"[ 4419.5s]   s1 e02  loss 0.7476 | val roc_auc 0.8375 | best 0.8375  *\n"}
,{"stream_name":"stdout","time":4750.313482063,"data":"[ 4464.1s]   s1 e03  loss 0.7297 | val roc_auc 0.8465 | best 0.8465  *\n"}
,{"stream_name":"stdout","time":4794.269917202,"data":"[ 4508.0s]   s1 e04  loss 0.7178 | val roc_auc 0.8482 | best 0.8482  *\n"}
,{"stream_name":"stdout","time":4838.809937432,"data":"[ 4552.6s]   s1 e05  loss 0.6905 | val roc_auc 0.8486 | best 0.8486  *\n"}
,{"stream_name":"stdout","time":4883.219516225,"data":"[ 4597.0s]   s1 e06  loss 0.6693 | val roc_auc 0.8624 | best 0.8624  *\n"}
,{"stream_name":"stdout","time":4927.503280533,"data":"[ 4641.3s]   s1 e07  loss 0.6483 | val roc_auc 0.8639 | best 0.8639  *\n"}
,{"stream_name":"stdout","time":4972.026721311,"data":"[ 4685.8s]   s1 e08  loss 0.6466 | val roc_auc 0.8624 | best 0.8639\n"}
,{"stream_name":"stdout","time":5016.595117216,"data":"[ 4730.4s]   s1 e09  loss 0.6288 | val roc_auc 0.8628 | best 0.8639\n"}
,{"stream_name":"stdout","time":5016.862435764,"data":"[ 4730.6s] --- main/mr_mil/fold0 stage 2 (lr=1.0e-04, \u003c=15 epochs, patience 4) ---\n"}
,{"stream_name":"stdout","time":5079.160678596,"data":"[ 4792.9s]   s2 e00  loss 0.8099 | val roc_auc 0.8918 | best 0.8918  *\n"}
,{"stream_name":"stdout","time":5130.651558415,"data":"[ 4844.4s]   s2 e01  loss 0.6153 | val roc_auc 0.9166 | best 0.9166  *\n"}
,{"stream_name":"stdout","time":5182.262114899,"data":"[ 4896.0s]   s2 e02  loss 0.4814 | val roc_auc 0.9190 | best 0.9190  *\n"}
,{"stream_name":"stdout","time":5234.714451587,"data":"[ 4948.5s]   s2 e03  loss 0.4420 | val roc_auc 0.9350 | best 0.9350  *\n"}
,{"stream_name":"stdout","time":5283.846658758,"data":"[ 4997.6s]   s2 e04  loss 0.3919 | val roc_auc 0.9147 | best 0.9350\n"}
,{"stream_name":"stdout","time":5333.783561001,"data":"[ 5047.6s]   s2 e05  loss 0.3286 | val roc_auc 0.9230 | best 0.9350\n"}
,{"stream_name":"stdout","time":5383.550849183,"data":"[ 5097.3s]   s2 e06  loss 0.3107 | val roc_auc 0.9257 | best 0.9350\n"}
,{"stream_name":"stdout","time":5432.238389094,"data":"[ 5146.0s]   s2 e07  loss 0.2998 | val roc_auc 0.9164 | best 0.9350\n"}
,{"stream_name":"stdout","time":5432.781544101,"data":"[ 5146.6s]   early stop after 4 epochs without improvement\n"}
,{"stream_name":"stdout","time":5433.016158795,"data":"[ 5146.8s] main/mr_mil/fold0: finished. best val roc_auc = 0.9350 (stage 2, epoch 3)\n"}
,{"stream_name":"stdout","time":5440.933639707,"data":"[ 5154.7s] fold 0 mr_mil: held-out ROC-AUC = 0.9350\n"}
,{"stream_name":"stdout","time":5440.971662348,"data":"[ 5154.8s] fold wall-clock 14.6 min | elapsed 1.46 h | budget left 6.84 h\n"}
,{"stream_name":"stdout","time":5441.546561681,"data":"[ 5155.3s] main/mr_mil/fold1: 26,757,801 parameters\n"}
,{"stream_name":"stdout","time":5441.547411334,"data":"[ 5155.3s] --- main/mr_mil/fold1 stage 1 (lr=1.0e-03, \u003c=10 epochs, patience 3) ---\n"}
,{"stream_name":"stdout","time":5485.473325975,"data":"[ 5199.3s]   s1 e00  loss 0.9932 | val roc_auc 0.7714 | best 0.7714  *\n"}
,{"stream_name":"stdout","time":5530.12825284,"data":"[ 5243.9s]   s1 e01  loss 0.8885 | val roc_auc 0.8195 | best 0.8195  *\n"}
,{"stream_name":"stdout","time":5575.563366196,"data":"[ 5289.3s]   s1 e02  loss 0.7953 | val roc_auc 0.8424 | best 0.8424  *\n"}
,{"stream_name":"stdout","time":5620.015671281,"data":"[ 5333.8s]   s1 e03  loss 0.7757 | val roc_auc 0.8478 | best 0.8478  *\n"}
,{"stream_name":"stdout","time":5664.045673564,"data":"[ 5377.8s]   s1 e04  loss 0.7409 | val roc_auc 0.8611 | best 0.8611  *\n"}
,{"stream_name":"stdout","time":5707.864303501,"data":"[ 5421.6s]   s1 e05  loss 0.7078 | val roc_auc 0.8612 | best 0.8612  *\n"}
,{"stream_name":"stdout","time":5751.867442817,"data":"[ 5465.6s]   s1 e06  loss 0.6975 | val roc_auc 0.8626 | best 0.8626  *\n"}
,{"stream_name":"stdout","time":5796.764323671,"data":"[ 5510.5s]   s1 e07  loss 0.6501 | val roc_auc 0.8735 | best 0.8735  *\n"}
,{"stream_name":"stdout","time":5842.905747774,"data":"[ 5556.7s]   s1 e08  loss 0.6320 | val roc_auc 0.8680 | best 0.8735\n"}
,{"stream_name":"stdout","time":5888.002128756,"data":"[ 5601.8s]   s1 e09  loss 0.6366 | val roc_auc 0.8738 | best 0.8738  *\n"}
,{"stream_name":"stdout","time":5888.42117237,"data":"[ 5602.2s] --- main/mr_mil/fold1 stage 2 (lr=1.0e-04, \u003c=15 epochs, patience 4) ---\n"}
,{"stream_name":"stdout","time":5937.265615995,"data":"[ 5651.0s]   s2 e00  loss 0.7846 | val roc_auc 0.9293 | best 0.9293  *\n"}
,{"stream_name":"stdout","time":5988.74758105,"data":"[ 5702.5s]   s2 e01  loss 0.5576 | val roc_auc 0.9265 | best 0.9293\n"}
,{"stream_name":"stdout","time":6040.182280406,"data":"[ 5754.0s]   s2 e02  loss 0.5118 | val roc_auc 0.9270 | best 0.9293\n"}
,{"stream_name":"stdout","time":6091.010201464,"data":"[ 5804.8s]   s2 e03  loss 0.4278 | val roc_auc 0.9268 | best 0.9293\n"}
,{"stream_name":"stdout","time":6141.556749222,"data":"[ 5855.3s]   s2 e04  loss 0.3795 | val roc_auc 0.9352 | best 0.9352  *\n"}
,{"stream_name":"stdout","time":6192.474205675,"data":"[ 5906.3s]   s2 e05  loss 0.3325 | val roc_auc 0.9354 | best 0.9354  *\n"}
,{"stream_name":"stdout","time":6244.201185329,"data":"[ 5958.0s]   s2 e06  loss 0.2980 | val roc_auc 0.9393 | best 0.9393  *\n"}
,{"stream_name":"stdout","time":6294.698945456,"data":"[ 6008.5s]   s2 e07  loss 0.2428 | val roc_auc 0.9249 | best 0.9393\n"}
,{"stream_name":"stdout","time":6344.331347708,"data":"[ 6058.1s]   s2 e08  loss 0.2585 | val roc_auc 0.9198 | best 0.9393\n"}
,{"stream_name":"stdout","time":6393.954789827,"data":"[ 6107.7s]   s2 e09  loss 0.2239 | val roc_auc 0.9338 | best 0.9393\n"}
,{"stream_name":"stdout","time":6442.566619267,"data":"[ 6156.3s]   s2 e10  loss 0.1832 | val roc_auc 0.9240 | best 0.9393\n"}
,{"stream_name":"stdout","time":6443.142067065,"data":"[ 6156.9s]   early stop after 4 epochs without improvement\n"}
,{"stream_name":"stdout","time":6443.378691549,"data":"[ 6157.2s] main/mr_mil/fold1: finished. best val roc_auc = 0.9393 (stage 2, epoch 6)\n"}
,{"stream_name":"stdout","time":6451.638032445,"data":"[ 6165.4s] fold 1 mr_mil: held-out ROC-AUC = 0.9393\n"}
,{"stream_name":"stdout","time":6451.672286794,"data":"[ 6165.5s] fold wall-clock 16.8 min | elapsed 1.75 h | budget left 6.55 h\n"}
,{"stream_name":"stdout","time":6452.226461834,"data":"[ 6166.0s] main/mr_mil/fold2: 26,757,801 parameters\n"}
,{"stream_name":"stdout","time":6452.227442096,"data":"[ 6166.0s] --- main/mr_mil/fold2 stage 1 (lr=1.0e-03, \u003c=10 epochs, patience 3) ---\n"}
,{"stream_name":"stdout","time":6497.065734779,"data":"[ 6210.8s]   s1 e00  loss 0.9818 | val roc_auc 0.7931 | best 0.7931  *\n"}
,{"stream_name":"stdout","time":6542.082721045,"data":"[ 6255.9s]   s1 e01  loss 0.8294 | val roc_auc 0.8167 | best 0.8167  *\n"}
,{"stream_name":"stdout","time":6586.82528157,"data":"[ 6300.6s]   s1 e02  loss 0.7663 | val roc_auc 0.8285 | best 0.8285  *\n"}
,{"stream_name":"stdout","time":6631.348108535,"data":"[ 6345.1s]   s1 e03  loss 0.7555 | val roc_auc 0.8426 | best 0.8426  *\n"}
,{"stream_name":"stdout","time":6675.853593525,"data":"[ 6389.6s]   s1 e04  loss 0.7114 | val roc_auc 0.8467 | best 0.8467  *\n"}
,{"stream_name":"stdout","time":6720.266880341,"data":"[ 6434.0s]   s1 e05  loss 0.7033 | val roc_auc 0.8480 | best 0.8480  *\n"}
,{"stream_name":"stdout","time":6765.001432627,"data":"[ 6478.8s]   s1 e06  loss 0.7067 | val roc_auc 0.8600 | best 0.8600  *\n"}
,{"stream_name":"stdout","time":6810.010631608,"data":"[ 6523.8s]   s1 e07  loss 0.6837 | val roc_auc 0.8596 | best 0.8600\n"}
,{"stream_name":"stdout","time":6855.134370547,"data":"[ 6568.9s]   s1 e08  loss 0.6608 | val roc_auc 0.8661 | best 0.8661  *\n"}
,{"stream_name":"stdout","time":6900.195669485,"data":"[ 6614.0s]   s1 e09  loss 0.6389 | val roc_auc 0.8642 | best 0.8661\n"}
,{"stream_name":"stdout","time":6900.477493093,"data":"[ 6614.3s] --- main/mr_mil/fold2 stage 2 (lr=1.0e-04, \u003c=15 epochs, patience 4) ---\n"}
,{"stream_name":"stdout","time":6949.606251715,"data":"[ 6663.4s]   s2 e00  loss 0.7976 | val roc_auc 0.8963 | best 0.8963  *\n"}
,{"stream_name":"stdout","time":7000.477734128,"data":"[ 6714.3s]   s2 e01  loss 0.6069 | val roc_auc 0.9336 | best 0.9336  *\n"}
,{"stream_name":"stdout","time":7050.181674755,"data":"[ 6764.0s]   s2 e02  loss 0.4980 | val roc_auc 0.9230 | best 0.9336\n"}
,{"stream_name":"stdout","time":7100.512066367,"data":"[ 6814.3s]   s2 e03  loss 0.4632 | val roc_auc 0.9243 | best 0.9336\n"}
,{"stream_name":"stdout","time":7149.677612341,"data":"[ 6863.5s]   s2 e04  loss 0.3924 | val roc_auc 0.9355 | best 0.9355  *\n"}
,{"stream_name":"stdout","time":7199.158142848,"data":"[ 6912.9s]   s2 e05  loss 0.3625 | val roc_auc 0.9262 | best 0.9355\n"}
,{"stream_name":"stdout","time":7248.87180074,"data":"[ 6962.7s]   s2 e06  loss 0.3353 | val roc_auc 0.9334 | best 0.9355\n"}
,{"stream_name":"stdout","time":7297.812448413,"data":"[ 7011.6s]   s2 e07  loss 0.2799 | val roc_auc 0.9113 | best 0.9355\n"}
,{"stream_name":"stdout","time":7346.653564081,"data":"[ 7060.4s]   s2 e08  loss 0.2950 | val roc_auc 0.9282 | best 0.9355\n"}
,{"stream_name":"stdout","time":7347.22438444,"data":"[ 7061.0s]   early stop after 4 epochs without improvement\n"}
,{"stream_name":"stdout","time":7347.475310383,"data":"[ 7061.3s] main/mr_mil/fold2: finished. best val roc_auc = 0.9355 (stage 2, epoch 4)\n"}
,{"stream_name":"stdout","time":7355.559711742,"data":"[ 7069.3s] fold 2 mr_mil: held-out ROC-AUC = 0.9355\n"}
,{"stream_name":"stdout","time":7355.596939524,"data":"[ 7069.4s] fold wall-clock 15.1 min | elapsed 2.00 h | budget left 6.30 h\n"}
,{"stream_name":"stdout","time":7356.152036917,"data":"[ 7069.9s] main/mr_mil/fold3: 26,757,801 parameters\n"}
,{"stream_name":"stdout","time":7356.152889657,"data":"[ 7069.9s] --- main/mr_mil/fold3 stage 1 (lr=1.0e-03, \u003c=10 epochs, patience 3) ---\n"}
,{"stream_name":"stdout","time":7400.880426999,"data":"[ 7114.7s]   s1 e00  loss 0.9941 | val roc_auc 0.8064 | best 0.8064  *\n"}
,{"stream_name":"stdout","time":7447.047291603,"data":"[ 7160.8s]   s1 e01  loss 0.8732 | val roc_auc 0.8355 | best 0.8355  *\n"}
,{"stream_name":"stdout","time":7493.063643641,"data":"[ 7206.8s]   s1 e02  loss 0.8145 | val roc_auc 0.8506 | best 0.8506  *\n"}
,{"stream_name":"stdout","time":7538.300304945,"data":"[ 7252.1s]   s1 e03  loss 0.7709 | val roc_auc 0.8693 | best 0.8693  *\n"}
,{"stream_name":"stdout","time":7584.090046971,"data":"[ 7297.9s]   s1 e04  loss 0.7718 | val roc_auc 0.8812 | best 0.8812  *\n"}
,{"stream_name":"stdout","time":7629.329207564,"data":"[ 7343.1s]   s1 e05  loss 0.7019 | val roc_auc 0.8809 | best 0.8812\n"}
,{"stream_name":"stdout","time":7674.21466766,"data":"[ 7388.0s]   s1 e06  loss 0.7010 | val roc_auc 0.8883 | best 0.8883  *\n"}
,{"stream_name":"stdout","time":7719.080019839,"data":"[ 7432.9s]   s1 e07  loss 0.6655 | val roc_auc 0.8900 | best 0.8900  *\n"}
,{"stream_name":"stdout","time":7764.006698425,"data":"[ 7477.8s]   s1 e08  loss 0.6713 | val roc_auc 0.8919 | best 0.8919  *\n"}
,{"stream_name":"stdout","time":7808.6495795,"data":"[ 7522.4s]   s1 e09  loss 0.6366 | val roc_auc 0.8903 | best 0.8919\n"}
,{"stream_name":"stdout","time":7808.924139058,"data":"[ 7522.7s] --- main/mr_mil/fold3 stage 2 (lr=1.0e-04, \u003c=15 epochs, patience 4) ---\n"}
,{"stream_name":"stdout","time":7859.315946074,"data":"[ 7573.1s]   s2 e00  loss 0.7637 | val roc_auc 0.9136 | best 0.9136  *\n"}
,{"stream_name":"stdout","time":7910.27580124,"data":"[ 7624.1s]   s2 e01  loss 0.5977 | val roc_auc 0.9331 | best 0.9331  *\n"}
,{"stream_name":"stdout","time":7961.820546002,"data":"[ 7675.6s]   s2 e02  loss 0.5021 | val roc_auc 0.9282 | best 0.9331\n"}
,{"stream_name":"stdout","time":8015.798193964,"data":"[ 7729.6s]   s2 e03  loss 0.4305 | val roc_auc 0.9203 | best 0.9331\n"}
,{"stream_name":"stdout","time":8069.724901563,"data":"[ 7783.5s]   s2 e04  loss 0.3924 | val roc_auc 0.9291 | best 0.9331\n"}
,{"stream_name":"stdout","time":8123.596403162,"data":"[ 7837.4s]   s2 e05  loss 0.3576 | val roc_auc 0.9294 | best 0.9331\n"}
,{"stream_name":"stdout","time":8124.216735035,"data":"[ 7838.0s]   early stop after 4 epochs without improvement\n"}
,{"stream_name":"stdout","time":8124.483870034,"data":"[ 7838.3s] main/mr_mil/fold3: finished. best val roc_auc = 0.9331 (stage 2, epoch 1)\n"}
,{"stream_name":"stdout","time":8133.239477344,"data":"[ 7847.0s] fold 3 mr_mil: held-out ROC-AUC = 0.9331\n"}
,{"stream_name":"stdout","time":8133.275350084,"data":"[ 7847.1s] fold wall-clock 13.0 min | elapsed 2.21 h | budget left 6.09 h\n"}
,{"stream_name":"stdout","time":8133.889746572,"data":"[ 7847.7s] main/mr_mil/fold4: 26,757,801 parameters\n"}
,{"stream_name":"stdout","time":8133.891002967,"data":"[ 7847.7s] --- main/mr_mil/fold4 stage 1 (lr=1.0e-03, \u003c=10 epochs, patience 3) ---\n"}
,{"stream_name":"stdout","time":8182.181260087,"data":"[ 7896.0s]   s1 e00  loss 1.0207 | val roc_auc 0.7920 | best 0.7920  *\n"}
,{"stream_name":"stdout","time":8232.123748222,"data":"[ 7945.9s]   s1 e01  loss 0.8450 | val roc_auc 0.8286 | best 0.8286  *\n"}
,{"stream_name":"stdout","time":8283.095857647,"data":"[ 7996.9s]   s1 e02  loss 0.7714 | val roc_auc 0.8439 | best 0.8439  *\n"}
,{"stream_name":"stdout","time":8333.319986621,"data":"[ 8047.1s]   s1 e03  loss 0.7547 | val roc_auc 0.8451 | best 0.8451  *\n"}
,{"stream_name":"stdout","time":8382.870377962,"data":"[ 8096.6s]   s1 e04  loss 0.7079 | val roc_auc 0.8561 | best 0.8561  *\n"}
,{"stream_name":"stdout","time":8430.195270707,"data":"[ 8144.0s]   s1 e05  loss 0.6974 | val roc_auc 0.8622 | best 0.8622  *\n"}
,{"stream_name":"stdout","time":8476.325474533,"data":"[ 8190.1s]   s1 e06  loss 0.6723 | val roc_auc 0.8675 | best 0.8675  *\n"}
,{"stream_name":"stdout","time":8521.763856268,"data":"[ 8235.5s]   s1 e07  loss 0.6517 | val roc_auc 0.8713 | best 0.8713  *\n"}
,{"stream_name":"stdout","time":8567.431945653,"data":"[ 8281.2s]   s1 e08  loss 0.6709 | val roc_auc 0.8786 | best 0.8786  *\n"}
,{"stream_name":"stdout","time":8612.812825224,"data":"[ 8326.6s]   s1 e09  loss 0.6197 | val roc_auc 0.8771 | best 0.8786\n"}
,{"stream_name":"stdout","time":8613.0751102,"data":"[ 8326.9s] --- main/mr_mil/fold4 stage 2 (lr=1.0e-04, \u003c=15 epochs, patience 4) ---\n"}
,{"stream_name":"stdout","time":8662.38255201,"data":"[ 8376.2s]   s2 e00  loss 0.7745 | val roc_auc 0.9102 | best 0.9102  *\n"}
,{"stream_name":"stdout","time":8714.054581646,"data":"[ 8427.8s]   s2 e01  loss 0.6048 | val roc_auc 0.9217 | best 0.9217  *\n"}
,{"stream_name":"stdout","time":8763.956992141,"data":"[ 8477.7s]   s2 e02  loss 0.5013 | val roc_auc 0.9286 | best 0.9286  *\n"}
,{"stream_name":"stdout","time":8814.949523736,"data":"[ 8528.7s]   s2 e03  loss 0.4549 | val roc_auc 0.9278 | best 0.9286\n"}
,{"stream_name":"stdout","time":8864.456588031,"data":"[ 8578.2s]   s2 e04  loss 0.3925 | val roc_auc 0.9294 | best 0.9294  *\n"}
,{"stream_name":"stdout","time":8914.318755372,"data":"[ 8628.1s]   s2 e05  loss 0.3606 | val roc_auc 0.9283 | best 0.9294\n"}
,{"stream_name":"stdout","time":8964.812030327,"data":"[ 8678.6s]   s2 e06  loss 0.3177 | val roc_auc 0.9213 | best 0.9294\n"}
,{"stream_name":"stdout","time":9014.817355766,"data":"[ 8728.6s]   s2 e07  loss 0.2767 | val roc_auc 0.9330 | best 0.9330  *\n"}
,{"stream_name":"stdout","time":9064.797134476,"data":"[ 8778.6s]   s2 e08  loss 0.2354 | val roc_auc 0.9238 | best 0.9330\n"}
,{"stream_name":"stdout","time":9117.091374073,"data":"[ 8830.9s]   s2 e09  loss 0.1936 | val roc_auc 0.9307 | best 0.9330\n"}
,{"stream_name":"stdout","time":9167.099606866,"data":"[ 8880.9s]   s2 e10  loss 0.2058 | val roc_auc 0.9148 | best 0.9330\n"}
,{"stream_name":"stdout","time":9216.802961437,"data":"[ 8930.6s]   s2 e11  loss 0.1780 | val roc_auc 0.9253 | best 0.9330\n"}
,{"stream_name":"stdout","time":9217.370451836,"data":"[ 8931.1s]   early stop after 4 epochs without improvement\n"}
,{"stream_name":"stdout","time":9217.607090519,"data":"[ 8931.4s] main/mr_mil/fold4: finished. best val roc_auc = 0.9330 (stage 2, epoch 7)\n"}
,{"stream_name":"stdout","time":9225.826777624,"data":"[ 8939.6s] fold 4 mr_mil: held-out ROC-AUC = 0.9330\n"}
,{"stream_name":"stdout","time":9225.865360256,"data":"[ 8939.6s] fold wall-clock 18.2 min | elapsed 2.52 h | budget left 5.78 h\n"}
,{"stream_name":"stdout","time":9226.456382527,"data":"[ 8940.2s] main/der_mil/fold0: 27,185,581 parameters\n"}
,{"stream_name":"stdout","time":9226.457471567,"data":"[ 8940.2s] --- main/der_mil/fold0 stage 1 (lr=1.0e-03, \u003c=10 epochs, patience 3) ---\n"}
,{"stream_name":"stdout","time":9272.980484212,"data":"[ 8986.8s]   s1 e00  loss 1.0177 | val roc_auc 0.7820 | best 0.7820  *\n"}
,{"stream_name":"stdout","time":9319.674837242,"data":"[ 9033.5s]   s1 e01  loss 0.8676 | val roc_auc 0.8088 | best 0.8088  *\n"}
,{"stream_name":"stdout","time":9366.293533963,"data":"[ 9080.1s]   s1 e02  loss 0.8032 | val roc_auc 0.8135 | best 0.8135  *\n"}
,{"stream_name":"stdout","time":9412.888159182,"data":"[ 9126.7s]   s1 e03  loss 0.7839 | val roc_auc 0.8204 | best 0.8204  *\n"}
,{"stream_name":"stdout","time":9459.990448062,"data":"[ 9173.8s]   s1 e04  loss 0.7733 | val roc_auc 0.8226 | best 0.8226  *\n"}
,{"stream_name":"stdout","time":9506.634645017,"data":"[ 9220.4s]   s1 e05  loss 0.7639 | val roc_auc 0.8110 | best 0.8226\n"}
,{"stream_name":"stdout","time":9552.610215182,"data":"[ 9266.4s]   s1 e06  loss 0.7275 | val roc_auc 0.8347 | best 0.8347  *\n"}
,{"stream_name":"stdout","time":9598.368896442,"data":"[ 9312.1s]   s1 e07  loss 0.7178 | val roc_auc 0.8387 | best 0.8387  *\n"}
,{"stream_name":"stdout","time":9644.616134559,"data":"[ 9358.4s]   s1 e08  loss 0.7135 | val roc_auc 0.8333 | best 0.8387\n"}
,{"stream_name":"stdout","time":9691.033883171,"data":"[ 9404.8s]   s1 e09  loss 0.6834 | val roc_auc 0.8400 | best 0.8400  *\n"}
,{"stream_name":"stdout","time":9691.456097856,"data":"[ 9405.2s] --- main/der_mil/fold0 stage 2 (lr=1.0e-04, \u003c=15 epochs, patience 4) ---\n"}
,{"stream_name":"stdout","time":9742.457593922,"data":"[ 9456.2s]   s2 e00  loss 0.8762 | val roc_auc 0.8815 | best 0.8815  *\n"}
,{"stream_name":"stdout","time":9794.512038269,"data":"[ 9508.3s]   s2 e01  loss 0.6244 | val roc_auc 0.9174 | best 0.9174  *\n"}
,{"stream_name":"stdout","time":9845.703630321,"data":"[ 9559.5s]   s2 e02  loss 0.5254 | val roc_auc 0.9236 | best 0.9236  *\n"}
,{"stream_name":"stdout","time":9898.811569348,"data":"[ 9612.6s]   s2 e03  loss 0.4675 | val roc_auc 0.9275 | best 0.9275  *\n"}
,{"stream_name":"stdout","time":9951.079348479,"data":"[ 9664.9s]   s2 e04  loss 0.4237 | val roc_auc 0.9311 | best 0.9311  *\n"}
,{"stream_name":"stdout","time":10002.992380518,"data":"[ 9716.8s]   s2 e05  loss 0.3294 | val roc_auc 0.9153 | best 0.9311\n"}
,{"stream_name":"stdout","time":10055.699924003,"data":"[ 9769.5s]   s2 e06  loss 0.3501 | val roc_auc 0.9389 | best 0.9389  *\n"}
,{"stream_name":"stdout","time":10107.485758639,"data":"[ 9821.3s]   s2 e07  loss 0.3107 | val roc_auc 0.9307 | best 0.9389\n"}
,{"stream_name":"stdout","time":10159.346014266,"data":"[ 9873.1s]   s2 e08  loss 0.2471 | val roc_auc 0.9249 | best 0.9389\n"}
,{"stream_name":"stdout","time":10212.183676088,"data":"[ 9926.0s]   s2 e09  loss 0.2786 | val roc_auc 0.9089 | best 0.9389\n"}
,{"stream_name":"stdout","time":10264.163741931,"data":"[ 9977.9s]   s2 e10  loss 0.2186 | val roc_auc 0.9313 | best 0.9389\n"}
,{"stream_name":"stdout","time":10264.769759816,"data":"[ 9978.5s]   early stop after 4 epochs without improvement\n"}
,{"stream_name":"stdout","time":10265.019995717,"data":"[ 9978.8s] main/der_mil/fold0: finished. best val roc_auc = 0.9389 (stage 2, epoch 6)\n"}
,{"stream_name":"stdout","time":10273.360853179,"data":"[ 9987.1s] fold 0 der_mil: held-out ROC-AUC = 0.9389\n"}
,{"stream_name":"stdout","time":10273.396317102,"data":"[ 9987.2s] fold wall-clock 17.5 min | elapsed 2.81 h | budget left 5.49 h\n"}
,{"stream_name":"stdout","time":10273.969527648,"data":"[ 9987.7s] main/der_mil/fold1: 27,185,581 parameters\n"}
,{"stream_name":"stdout","time":10273.970522728,"data":"[ 9987.7s] --- main/der_mil/fold1 stage 1 (lr=1.0e-03, \u003c=10 epochs, patience 3) ---\n"}
,{"stream_name":"stdout","time":10320.431917038,"data":"[10034.2s]   s1 e00  loss 1.0173 | val roc_auc 0.7578 | best 0.7578  *\n"}
,{"stream_name":"stdout","time":10366.9672425,"data":"[10080.7s]   s1 e01  loss 0.9190 | val roc_auc 0.7841 | best 0.7841  *\n"}
,{"stream_name":"stdout","time":10416.682571217,"data":"[10130.5s]   s1 e02  loss 0.8544 | val roc_auc 0.7958 | best 0.7958  *\n"}
,{"stream_name":"stdout","time":10467.83692357,"data":"[10181.6s]   s1 e03  loss 0.8636 | val roc_auc 0.8106 | best 0.8106  *\n"}
,{"stream_name":"stdout","time":10519.061558959,"data":"[10232.8s]   s1 e04  loss 0.8183 | val roc_auc 0.8165 | best 0.8165  *\n"}
,{"stream_name":"stdout","time":10570.251405478,"data":"[10284.0s]   s1 e05  loss 0.8052 | val roc_auc 0.8162 | best 0.8165\n"}
,{"stream_name":"stdout","time":10621.072683269,"data":"[10334.9s]   s1 e06  loss 0.7908 | val roc_auc 0.8120 | best 0.8165\n"}
,{"stream_name":"stdout","time":10671.314713579,"data":"[10385.1s]   s1 e07  loss 0.7755 | val roc_auc 0.8135 | best 0.8165\n"}
,{"stream_name":"stdout","time":10671.612896009,"data":"[10385.4s]   early stop after 3 epochs without improvement\n"}
,{"stream_name":"stdout","time":10671.616794013,"data":"[10385.4s] --- main/der_mil/fold1 stage 2 (lr=1.0e-04, \u003c=15 epochs, patience 4) ---\n"}
,{"stream_name":"stdout","time":10727.992746737,"data":"[10441.8s]   s2 e00  loss 0.8854 | val roc_auc 0.9108 | best 0.9108  *\n"}
,{"stream_name":"stdout","time":10784.366119379,"data":"[10498.1s]   s2 e01  loss 0.6163 | val roc_auc 0.9227 | best 0.9227  *\n"}
,{"stream_name":"stdout","time":10841.520551948,"data":"[10555.3s]   s2 e02  loss 0.5561 | val roc_auc 0.9300 | best 0.9300  *\n"}
,{"stream_name":"stdout","time":10899.565234765,"data":"[10613.3s]   s2 e03  loss 0.4675 | val roc_auc 0.9064 | best 0.9300\n"}
,{"stream_name":"stdout","time":10956.084441078,"data":"[10669.9s]   s2 e04  loss 0.4451 | val roc_auc 0.9335 | best 0.9335  *\n"}
,{"stream_name":"stdout","time":11013.270975229,"data":"[10727.1s]   s2 e05  loss 0.4275 | val roc_auc 0.9379 | best 0.9379  *\n"}
,{"stream_name":"stdout","time":11067.621738268,"data":"[10781.4s]   s2 e06  loss 0.3785 | val roc_auc 0.9230 | best 0.9379\n"}
,{"stream_name":"stdout","time":11122.511425215,"data":"[10836.3s]   s2 e07  loss 0.3444 | val roc_auc 0.9260 | best 0.9379\n"}
,{"stream_name":"stdout","time":11178.833767755,"data":"[10892.6s]   s2 e08  loss 0.3241 | val roc_auc 0.9251 | best 0.9379\n"}
,{"stream_name":"stdout","time":11233.815965279,"data":"[10947.6s]   s2 e09  loss 0.2441 | val roc_auc 0.9268 | best 0.9379\n"}
,{"stream_name":"stdout","time":11234.43469854,"data":"[10948.2s]   early stop after 4 epochs without improvement\n"}
,{"stream_name":"stdout","time":11234.697902954,"data":"[10948.5s] main/der_mil/fold1: finished. best val roc_auc = 0.9379 (stage 2, epoch 5)\n"}
,{"stream_name":"stdout","time":11243.690761043,"data":"[10957.5s] fold 1 der_mil: held-out ROC-AUC = 0.9379\n"}
,{"stream_name":"stdout","time":11243.726046917,"data":"[10957.5s] fold wall-clock 16.2 min | elapsed 3.08 h | budget left 5.22 h\n"}
,{"stream_name":"stdout","time":11244.301742749,"data":"[10958.1s] main/der_mil/fold2: 27,185,581 parameters\n"}
,{"stream_name":"stdout","time":11244.302926753,"data":"[10958.1s] --- main/der_mil/fold2 stage 1 (lr=1.0e-03, \u003c=10 epochs, patience 3) ---\n"}
,{"stream_name":"stdout","time":11292.871977176,"data":"[11006.7s]   s1 e00  loss 0.9921 | val roc_auc 0.7919 | best 0.7919  *\n"}
,{"stream_name":"stdout","time":11342.455717713,"data":"[11056.2s]   s1 e01  loss 0.8247 | val roc_auc 0.8182 | best 0.8182  *\n"}
,{"stream_name":"stdout","time":11392.097154699,"data":"[11105.9s]   s1 e02  loss 0.7600 | val roc_auc 0.8235 | best 0.8235  *\n"}
,{"stream_name":"stdout","time":11441.289793173,"data":"[11155.1s]   s1 e03  loss 0.7446 | val roc_auc 0.8411 | best 0.8411  *\n"}
,{"stream_name":"stdout","time":11490.994524483,"data":"[11204.8s]   s1 e04  loss 0.7129 | val roc_auc 0.8448 | best 0.8448  *\n"}
,{"stream_name":"stdout","time":11540.397207301,"data":"[11254.2s]   s1 e05  loss 0.7364 | val roc_auc 0.8490 | best 0.8490  *\n"}
,{"stream_name":"stdout","time":11589.66731146,"data":"[11303.4s]   s1 e06  loss 0.7332 | val roc_auc 0.8590 | best 0.8590  *\n"}
,{"stream_name":"stdout","time":11639.18857865,"data":"[11353.0s]   s1 e07  loss 0.6838 | val roc_auc 0.8558 | best 0.8590\n"}
,{"stream_name":"stdout","time":11688.726282605,"data":"[11402.5s]   s1 e08  loss 0.6489 | val roc_auc 0.8673 | best 0.8673  *\n"}
,{"stream_name":"stdout","time":11737.347297185,"data":"[11451.1s]   s1 e09  loss 0.6234 | val roc_auc 0.8705 | best 0.8705  *\n"}
,{"stream_name":"stdout","time":11737.806597007,"data":"[11451.6s] --- main/der_mil/fold2 stage 2 (lr=1.0e-04, \u003c=15 epochs, patience 4) ---\n"}
,{"stream_name":"stdout","time":11790.142502103,"data":"[11503.9s]   s2 e00  loss 0.8173 | val roc_auc 0.8965 | best 0.8965  *\n"}
,{"stream_name":"stdout","time":11845.664497696,"data":"[11559.4s]   s2 e01  loss 0.5710 | val roc_auc 0.9335 | best 0.9335  *\n"}
,{"stream_name":"stdout","time":11899.989931754,"data":"[11613.8s]   s2 e02  loss 0.4693 | val roc_auc 0.9229 | best 0.9335\n"}
,{"stream_name":"stdout","time":11954.534404435,"data":"[11668.3s]   s2 e03  loss 0.4189 | val roc_auc 0.9201 | best 0.9335\n"}
,{"stream_name":"stdout","time":12008.5153086,"data":"[11722.3s]   s2 e04  loss 0.3893 | val roc_auc 0.9293 | best 0.9335\n"}
,{"stream_name":"stdout","time":12062.723733144,"data":"[11776.5s]   s2 e05  loss 0.3673 | val roc_auc 0.9276 | best 0.9335\n"}
,{"stream_name":"stdout","time":12063.342736377,"data":"[11777.1s]   early stop after 4 epochs without improvement\n"}
,{"stream_name":"stdout","time":12063.591196079,"data":"[11777.4s] main/der_mil/fold2: finished. best val roc_auc = 0.9335 (stage 2, epoch 1)\n"}
,{"stream_name":"stdout","time":12072.311574824,"data":"[11786.1s] fold 2 der_mil: held-out ROC-AUC = 0.9335\n"}
,{"stream_name":"stdout","time":12072.349277381,"data":"[11786.1s] fold wall-clock 13.8 min | elapsed 3.31 h | budget left 4.99 h\n"}
,{"stream_name":"stdout","time":12072.93464188,"data":"[11786.7s] main/der_mil/fold3: 27,185,581 parameters\n"}
,{"stream_name":"stdout","time":12072.935897053,"data":"[11786.7s] --- main/der_mil/fold3 stage 1 (lr=1.0e-03, \u003c=10 epochs, patience 3) ---\n"}
,{"stream_name":"stdout","time":12120.133273791,"data":"[11833.9s]   s1 e00  loss 1.0516 | val roc_auc 0.7851 | best 0.7851  *\n"}
,{"stream_name":"stdout","time":12168.693440659,"data":"[11882.5s]   s1 e01  loss 0.9278 | val roc_auc 0.8112 | best 0.8112  *\n"}
,{"stream_name":"stdout","time":12216.088037025,"data":"[11929.9s]   s1 e02  loss 0.8645 | val roc_auc 0.8156 | best 0.8156  *\n"}
,{"stream_name":"stdout","time":12262.714531154,"data":"[11976.5s]   s1 e03  loss 0.8555 | val roc_auc 0.8229 | best 0.8229  *\n"}
,{"stream_name":"stdout","time":12309.794543627,"data":"[12023.6s]   s1 e04  loss 0.8672 | val roc_auc 0.8377 | best 0.8377  *\n"}
,{"stream_name":"stdout","time":12356.677554306,"data":"[12070.5s]   s1 e05  loss 0.8180 | val roc_auc 0.8391 | best 0.8391  *\n"}
,{"stream_name":"stdout","time":12403.483658183,"data":"[12117.3s]   s1 e06  loss 0.8115 | val roc_auc 0.8390 | best 0.8391\n"}
,{"stream_name":"stdout","time":12450.266900894,"data":"[12164.0s]   s1 e07  loss 0.7843 | val roc_auc 0.8442 | best 0.8442  *\n"}
,{"stream_name":"stdout","time":12497.849445995,"data":"[12211.6s]   s1 e08  loss 0.7798 | val roc_auc 0.8429 | best 0.8442\n"}
,{"stream_name":"stdout","time":12544.2314723,"data":"[12258.0s]   s1 e09  loss 0.7669 | val roc_auc 0.8417 | best 0.8442\n"}
,{"stream_name":"stdout","time":12544.516633264,"data":"[12258.3s] --- main/der_mil/fold3 stage 2 (lr=1.0e-04, \u003c=15 epochs, patience 4) ---\n"}
,{"stream_name":"stdout","time":12596.574374239,"data":"[12310.4s]   s2 e00  loss 0.8464 | val roc_auc 0.8984 | best 0.8984  *\n"}
,{"stream_name":"stdout","time":12649.754153716,"data":"[12363.5s]   s2 e01  loss 0.6324 | val roc_auc 0.9252 | best 0.9252  *\n"}
,{"stream_name":"stdout","time":12703.07989797,"data":"[12416.9s]   s2 e02  loss 0.5596 | val roc_auc 0.9315 | best 0.9315  *\n"}
,{"stream_name":"stdout","time":12756.815516475,"data":"[12470.6s]   s2 e03  loss 0.4595 | val roc_auc 0.9229 | best 0.9315\n"}
,{"stream_name":"stdout","time":12810.88419159,"data":"[12524.7s]   s2 e04  loss 0.4352 | val roc_auc 0.9350 | best 0.9350  *\n"}
,{"stream_name":"stdout","time":12864.934403175,"data":"[12578.7s]   s2 e05  loss 0.4012 | val roc_auc 0.9152 | best 0.9350\n"}
,{"stream_name":"stdout","time":12918.203206471,"data":"[12632.0s]   s2 e06  loss 0.3333 | val roc_auc 0.9281 | best 0.9350\n"}
,{"stream_name":"stdout","time":12971.52140427,"data":"[12685.3s]   s2 e07  loss 0.3696 | val roc_auc 0.9192 | best 0.9350\n"}
,{"stream_name":"stdout","time":13024.025946014,"data":"[12737.8s]   s2 e08  loss 0.3090 | val roc_auc 0.9134 | best 0.9350\n"}
,{"stream_name":"stdout","time":13024.630797626,"data":"[12738.4s]   early stop after 4 epochs without improvement\n"}
,{"stream_name":"stdout","time":13024.880225151,"data":"[12738.7s] main/der_mil/fold3: finished. best val roc_auc = 0.9350 (stage 2, epoch 4)\n"}
,{"stream_name":"stdout","time":13033.171587511,"data":"[12747.0s] fold 3 der_mil: held-out ROC-AUC = 0.9350\n"}
,{"stream_name":"stdout","time":13033.206422914,"data":"[12747.0s] fold wall-clock 16.0 min | elapsed 3.57 h | budget left 4.73 h\n"}
,{"stream_name":"stdout","time":13033.789715312,"data":"[12747.6s] main/der_mil/fold4: 27,185,581 parameters\n"}
,{"stream_name":"stdout","time":13033.790764797,"data":"[12747.6s] --- main/der_mil/fold4 stage 1 (lr=1.0e-03, \u003c=10 epochs, patience 3) ---\n"}
,{"stream_name":"stdout","time":13080.514841114,"data":"[12794.3s]   s1 e00  loss 1.0422 | val roc_auc 0.7950 | best 0.7950  *\n"}
,{"stream_name":"stdout","time":13127.601551028,"data":"[12841.4s]   s1 e01  loss 0.8462 | val roc_auc 0.8272 | best 0.8272  *\n"}
,{"stream_name":"stdout","time":13174.998948082,"data":"[12888.8s]   s1 e02  loss 0.7817 | val roc_auc 0.8446 | best 0.8446  *\n"}
,{"stream_name":"stdout","time":13222.001040009,"data":"[12935.8s]   s1 e03  loss 0.7665 | val roc_auc 0.8476 | best 0.8476  *\n"}
,{"stream_name":"stdout","time":13268.718045901,"data":"[12982.5s]   s1 e04  loss 0.7173 | val roc_auc 0.8574 | best 0.8574  *\n"}
,{"stream_name":"stdout","time":13315.643800541,"data":"[13029.4s]   s1 e05  loss 0.6963 | val roc_auc 0.8619 | best 0.8619  *\n"}
,{"stream_name":"stdout","time":13361.916563835,"data":"[13075.7s]   s1 e06  loss 0.6767 | val roc_auc 0.8665 | best 0.8665  *\n"}
,{"stream_name":"stdout","time":13408.031236752,"data":"[13121.8s]   s1 e07  loss 0.6635 | val roc_auc 0.8692 | best 0.8692  *\n"}
,{"stream_name":"stdout","time":13455.533179787,"data":"[13169.3s]   s1 e08  loss 0.6616 | val roc_auc 0.8742 | best 0.8742  *\n"}
,{"stream_name":"stdout","time":13503.268822291,"data":"[13217.0s]   s1 e09  loss 0.6292 | val roc_auc 0.8766 | best 0.8766  *\n"}
,{"stream_name":"stdout","time":13503.717772422,"data":"[13217.5s] --- main/der_mil/fold4 stage 2 (lr=1.0e-04, \u003c=15 epochs, patience 4) ---\n"}
,{"stream_name":"stdout","time":13555.80432266,"data":"[13269.6s]   s2 e00  loss 0.7586 | val roc_auc 0.9162 | best 0.9162  *\n"}
,{"stream_name":"stdout","time":13610.133463331,"data":"[13323.9s]   s2 e01  loss 0.6011 | val roc_auc 0.9213 | best 0.9213  *\n"}
,{"stream_name":"stdout","time":13663.772367907,"data":"[13377.6s]   s2 e02  loss 0.5170 | val roc_auc 0.9332 | best 0.9332  *\n"}
,{"stream_name":"stdout","time":13718.155690601,"data":"[13431.9s]   s2 e03  loss 0.4648 | val roc_auc 0.9278 | best 0.9332\n"}
,{"stream_name":"stdout","time":13771.438509884,"data":"[13485.2s]   s2 e04  loss 0.4035 | val roc_auc 0.9410 | best 0.9410  *\n"}
,{"stream_name":"stdout","time":13825.255505418,"data":"[13539.0s]   s2 e05  loss 0.3486 | val roc_auc 0.9294 | best 0.9410\n"}
,{"stream_name":"stdout","time":13879.513964368,"data":"[13593.3s]   s2 e06  loss 0.3627 | val roc_auc 0.9421 | best 0.9421  *\n"}
,{"stream_name":"stdout","time":13932.461189745,"data":"[13646.2s]   s2 e07  loss 0.2852 | val roc_auc 0.9364 | best 0.9421\n"}
,{"stream_name":"stdout","time":13984.776890312,"data":"[13698.6s]   s2 e08  loss 0.2318 | val roc_auc 0.9220 | best 0.9421\n"}
,{"stream_name":"stdout","time":14037.494421277,"data":"[13751.3s]   s2 e09  loss 0.2345 | val roc_auc 0.9335 | best 0.9421\n"}
,{"stream_name":"stdout","time":14090.253966223,"data":"[13804.0s]   s2 e10  loss 0.1814 | val roc_auc 0.9313 | best 0.9421\n"}
,{"stream_name":"stdout","time":14090.861684654,"data":"[13804.6s]   early stop after 4 epochs without improvement\n"}
,{"stream_name":"stdout","time":14091.115522382,"data":"[13804.9s] main/der_mil/fold4: finished. best val roc_auc = 0.9421 (stage 2, epoch 6)\n"}
,{"stream_name":"stdout","time":14099.380052992,"data":"[13813.2s] fold 4 der_mil: held-out ROC-AUC = 0.9421\n"}
,{"stream_name":"stdout","time":14099.417919744,"data":"[13813.2s] fold wall-clock 17.8 min | elapsed 3.87 h | budget left 4.43 h\n"}
,{"stream_name":"stdout","time":14099.967062101,"data":"[13813.7s] main/lesion_mil/fold0: 24,098,754 parameters\n"}
,{"stream_name":"stdout","time":14099.967824723,"data":"[13813.7s] --- main/lesion_mil/fold0 stage 1 (lr=1.0e-03, \u003c=10 epochs, patience 3) ---\n"}
,{"stream_name":"stdout","time":14138.83863572,"data":"[13852.6s]   s1 e00  loss 0.8582 | val roc_auc 0.8509 | best 0.8509  *\n"}
,{"stream_name":"stdout","time":14177.839853583,"data":"[13891.6s]   s1 e01  loss 0.7635 | val roc_auc 0.8759 | best 0.8759  *\n"}
,{"stream_name":"stdout","time":14216.876994759,"data":"[13930.7s]   s1 e02  loss 0.7052 | val roc_auc 0.8820 | best 0.8820  *\n"}
,{"stream_name":"stdout","time":14255.690777984,"data":"[13969.5s]   s1 e03  loss 0.6861 | val roc_auc 0.8951 | best 0.8951  *\n"}
,{"stream_name":"stdout","time":14293.908300444,"data":"[14007.7s]   s1 e04  loss 0.6662 | val roc_auc 0.8860 | best 0.8951\n"}
,{"stream_name":"stdout","time":14333.031770246,"data":"[14046.8s]   s1 e05  loss 0.6293 | val roc_auc 0.8920 | best 0.8951\n"}
,{"stream_name":"stdout","time":14371.914920354,"data":"[14085.7s]   s1 e06  loss 0.6411 | val roc_auc 0.8984 | best 0.8984  *\n"}
,{"stream_name":"stdout","time":14411.371877954,"data":"[14125.2s]   s1 e07  loss 0.6042 | val roc_auc 0.8937 | best 0.8984\n"}
,{"stream_name":"stdout","time":14450.273054364,"data":"[14164.1s]   s1 e08  loss 0.6141 | val roc_auc 0.8965 | best 0.8984\n"}
,{"stream_name":"stdout","time":14488.950213708,"data":"[14202.7s]   s1 e09  loss 0.5914 | val roc_auc 0.9059 | best 0.9059  *\n"}
,{"stream_name":"stdout","time":14489.27364233,"data":"[14203.1s] --- main/lesion_mil/fold0 stage 2 (lr=1.0e-04, \u003c=15 epochs, patience 4) ---\n"}
,{"stream_name":"stdout","time":14532.523868206,"data":"[14246.3s]   s2 e00  loss 0.9542 | val roc_auc 0.9003 | best 0.9059\n"}
,{"stream_name":"stdout","time":14576.29694251,"data":"[14290.1s]   s2 e01  loss 0.6756 | val roc_auc 0.9319 | best 0.9319  *\n"}
,{"stream_name":"stdout","time":14619.285829533,"data":"[14333.1s]   s2 e02  loss 0.5838 | val roc_auc 0.9406 | best 0.9406  *\n"}
,{"stream_name":"stdout","time":14663.693382684,"data":"[14377.5s]   s2 e03  loss 0.5169 | val roc_auc 0.9423 | best 0.9423  *\n"}
,{"stream_name":"stdout","time":14706.944824544,"data":"[14420.7s]   s2 e04  loss 0.4708 | val roc_auc 0.9426 | best 0.9426  *\n"}
,{"stream_name":"stdout","time":14750.336363739,"data":"[14464.1s]   s2 e05  loss 0.3977 | val roc_auc 0.9326 | best 0.9426\n"}
,{"stream_name":"stdout","time":14794.134484284,"data":"[14507.9s]   s2 e06  loss 0.3894 | val roc_auc 0.9500 | best 0.9500  *\n"}
,{"stream_name":"stdout","time":14837.755507138,"data":"[14551.5s]   s2 e07  loss 0.3725 | val roc_auc 0.9370 | best 0.9500\n"}
,{"stream_name":"stdout","time":14881.5000907,"data":"[14595.3s]   s2 e08  loss 0.3320 | val roc_auc 0.9414 | best 0.9500\n"}
,{"stream_name":"stdout","time":14926.69919009,"data":"[14640.5s]   s2 e09  loss 0.3198 | val roc_auc 0.9450 | best 0.9500\n"}
,{"stream_name":"stdout","time":14971.988008559,"data":"[14685.8s]   s2 e10  loss 0.2531 | val roc_auc 0.9445 | best 0.9500\n"}
,{"stream_name":"stdout","time":14972.530974154,"data":"[14686.3s]   early stop after 4 epochs without improvement\n"}
,{"stream_name":"stdout","time":14972.751882728,"data":"[14686.5s] main/lesion_mil/fold0: finished. best val roc_auc = 0.9500 (stage 2, epoch 6)\n"}
,{"stream_name":"stdout","time":14980.111479241,"data":"[14693.9s] fold 0 lesion_mil: held-out ROC-AUC = 0.9500\n"}
,{"stream_name":"stdout","time":14980.144235645,"data":"[14693.9s] fold wall-clock 14.7 min | elapsed 4.11 h | budget left 4.19 h\n"}
,{"stream_name":"stdout","time":14980.735202872,"data":"[14694.5s] main/lesion_mil/fold1: 24,098,754 parameters\n"}
,{"stream_name":"stdout","time":14980.73621862,"data":"[14694.5s] --- main/lesion_mil/fold1 stage 1 (lr=1.0e-03, \u003c=10 epochs, patience 3) ---\n"}
,{"stream_name":"stdout","time":15021.341956519,"data":"[14735.1s]   s1 e00  loss 0.8419 | val roc_auc 0.8770 | best 0.8770  *\n"}
,{"stream_name":"stdout","time":15062.415537146,"data":"[14776.2s]   s1 e01  loss 0.7475 | val roc_auc 0.8806 | best 0.8806  *\n"}
,{"stream_name":"stdout","time":15104.048064678,"data":"[14817.8s]   s1 e02  loss 0.7135 | val roc_auc 0.8817 | best 0.8817  *\n"}
,{"stream_name":"stdout","time":15145.248916549,"data":"[14859.0s]   s1 e03  loss 0.6993 | val roc_auc 0.8894 | best 0.8894  *\n"}
,{"stream_name":"stdout","time":15186.18854687,"data":"[14900.0s]   s1 e04  loss 0.6648 | val roc_auc 0.8930 | best 0.8930  *\n"}
,{"stream_name":"stdout","time":15227.380429813,"data":"[14941.2s]   s1 e05  loss 0.6379 | val roc_auc 0.8967 | best 0.8967  *\n"}
,{"stream_name":"stdout","time":15267.973487483,"data":"[14981.8s]   s1 e06  loss 0.6186 | val roc_auc 0.8980 | best 0.8980  *\n"}
,{"stream_name":"stdout","time":15308.507452756,"data":"[15022.3s]   s1 e07  loss 0.6169 | val roc_auc 0.8980 | best 0.8980\n"}
,{"stream_name":"stdout","time":15349.737487303,"data":"[15063.5s]   s1 e08  loss 0.6157 | val roc_auc 0.9010 | best 0.9010  *\n"}
,{"stream_name":"stdout","time":15391.023655109,"data":"[15104.8s]   s1 e09  loss 0.6159 | val roc_auc 0.8993 | best 0.9010\n"}
,{"stream_name":"stdout","time":15391.256356223,"data":"[15105.0s] --- main/lesion_mil/fold1 stage 2 (lr=1.0e-04, \u003c=15 epochs, patience 4) ---\n"}
,{"stream_name":"stdout","time":15436.384661235,"data":"[15150.2s]   s2 e00  loss 0.9137 | val roc_auc 0.8921 | best 0.9010\n"}
,{"stream_name":"stdout","time":15482.751558935,"data":"[15196.5s]   s2 e01  loss 0.6814 | val roc_auc 0.9263 | best 0.9263  *\n"}
,{"stream_name":"stdout","time":15529.46073604,"data":"[15243.2s]   s2 e02  loss 0.6094 | val roc_auc 0.9295 | best 0.9295  *\n"}
,{"stream_name":"stdout","time":15577.38641296,"data":"[15291.2s]   s2 e03  loss 0.5239 | val roc_auc 0.9454 | best 0.9454  *\n"}
,{"stream_name":"stdout","time":15624.151879527,"data":"[15337.9s]   s2 e04  loss 0.4698 | val roc_auc 0.9463 | best 0.9463  *\n"}
,{"stream_name":"stdout","time":15670.334253419,"data":"[15384.1s]   s2 e05  loss 0.4162 | val roc_auc 0.9460 | best 0.9463\n"}
,{"stream_name":"stdout","time":15715.880627831,"data":"[15429.7s]   s2 e06  loss 0.3410 | val roc_auc 0.9391 | best 0.9463\n"}
,{"stream_name":"stdout","time":15761.119137479,"data":"[15474.9s]   s2 e07  loss 0.3404 | val roc_auc 0.9405 | best 0.9463\n"}
,{"stream_name":"stdout","time":15805.227523728,"data":"[15519.0s]   s2 e08  loss 0.3333 | val roc_auc 0.9452 | best 0.9463\n"}
,{"stream_name":"stdout","time":15805.731929276,"data":"[15519.5s]   early stop after 4 epochs without improvement\n"}
,{"stream_name":"stdout","time":15805.945346939,"data":"[15519.7s] main/lesion_mil/fold1: finished. best val roc_auc = 0.9463 (stage 2, epoch 4)\n"}
,{"stream_name":"stdout","time":15813.252881739,"data":"[15527.0s] fold 1 lesion_mil: held-out ROC-AUC = 0.9463\n"}
,{"stream_name":"stdout","time":15813.28610071,"data":"[15527.1s] fold wall-clock 13.9 min | elapsed 4.35 h | budget left 3.95 h\n"}
,{"stream_name":"stdout","time":15813.806509819,"data":"[15527.6s] main/lesion_mil/fold2: 24,098,754 parameters\n"}
,{"stream_name":"stdout","time":15813.807449524,"data":"[15527.6s] --- main/lesion_mil/fold2 stage 1 (lr=1.0e-03, \u003c=10 epochs, patience 3) ---\n"}
,{"stream_name":"stdout","time":15852.813718601,"data":"[15566.6s]   s1 e00  loss 0.8330 | val roc_auc 0.8488 | best 0.8488  *\n"}
,{"stream_name":"stdout","time":15892.375594001,"data":"[15606.2s]   s1 e01  loss 0.7463 | val roc_auc 0.8593 | best 0.8593  *\n"}
,{"stream_name":"stdout","time":15932.173866314,"data":"[15646.0s]   s1 e02  loss 0.7205 | val roc_auc 0.8695 | best 0.8695  *\n"}
,{"stream_name":"stdout","time":15971.834094534,"data":"[15685.6s]   s1 e03  loss 0.6912 | val roc_auc 0.8731 | best 0.8731  *\n"}
,{"stream_name":"stdout","time":16011.938665233,"data":"[15725.7s]   s1 e04  loss 0.6431 | val roc_auc 0.8791 | best 0.8791  *\n"}
,{"stream_name":"stdout","time":16052.219451675,"data":"[15766.0s]   s1 e05  loss 0.6476 | val roc_auc 0.8830 | best 0.8830  *\n"}
,{"stream_name":"stdout","time":16092.333858116,"data":"[15806.1s]   s1 e06  loss 0.6397 | val roc_auc 0.8811 | best 0.8830\n"}
,{"stream_name":"stdout","time":16130.867255927,"data":"[15844.6s]   s1 e07  loss 0.6319 | val roc_auc 0.8833 | best 0.8833  *\n"}
,{"stream_name":"stdout","time":16169.184965056,"data":"[15883.0s]   s1 e08  loss 0.6063 | val roc_auc 0.8903 | best 0.8903  *\n"}
,{"stream_name":"stdout","time":16208.050250353,"data":"[15921.8s]   s1 e09  loss 0.6207 | val roc_auc 0.8840 | best 0.8903\n"}
,{"stream_name":"stdout","time":16208.256469582,"data":"[15922.0s] --- main/lesion_mil/fold2 stage 2 (lr=1.0e-04, \u003c=15 epochs, patience 4) ---\n"}
,{"stream_name":"stdout","time":16252.446969592,"data":"[15966.2s]   s2 e00  loss 0.9697 | val roc_auc 0.9179 | best 0.9179  *\n"}
,{"stream_name":"stdout","time":16298.776831574,"data":"[16012.6s]   s2 e01  loss 0.6948 | val roc_auc 0.9421 | best 0.9421  *\n"}
,{"stream_name":"stdout","time":16344.936291576,"data":"[16058.7s]   s2 e02  loss 0.6106 | val roc_auc 0.9486 | best 0.9486  *\n"}
,{"stream_name":"stdout","time":16392.146186362,"data":"[16105.9s]   s2 e03  loss 0.5328 | val roc_auc 0.9190 | best 0.9486\n"}
,{"stream_name":"stdout","time":16437.034376104,"data":"[16150.8s]   s2 e04  loss 0.4818 | val roc_auc 0.9323 | best 0.9486\n"}
,{"stream_name":"stdout","time":16481.953268215,"data":"[16195.7s]   s2 e05  loss 0.4612 | val roc_auc 0.9372 | best 0.9486\n"}
,{"stream_name":"stdout","time":16527.555722114,"data":"[16241.3s]   s2 e06  loss 0.3925 | val roc_auc 0.9382 | best 0.9486\n"}
,{"stream_name":"stdout","time":16528.10268917,"data":"[16241.9s]   early stop after 4 epochs without improvement\n"}
,{"stream_name":"stdout","time":16528.331297742,"data":"[16242.1s] main/lesion_mil/fold2: finished. best val roc_auc = 0.9486 (stage 2, epoch 2)\n"}
,{"stream_name":"stdout","time":16535.785578325,"data":"[16249.6s] fold 2 lesion_mil: held-out ROC-AUC = 0.9486\n"}
,{"stream_name":"stdout","time":16535.817977697,"data":"[16249.6s] fold wall-clock 12.0 min | elapsed 4.55 h | budget left 3.75 h\n"}
,{"stream_name":"stdout","time":16536.359025125,"data":"[16250.1s] main/lesion_mil/fold3: 24,098,754 parameters\n"}
,{"stream_name":"stdout","time":16536.359741078,"data":"[16250.1s] --- main/lesion_mil/fold3 stage 1 (lr=1.0e-03, \u003c=10 epochs, patience 3) ---\n"}
,{"stream_name":"stdout","time":16576.386851957,"data":"[16290.2s]   s1 e00  loss 0.8354 | val roc_auc 0.8383 | best 0.8383  *\n"}
,{"stream_name":"stdout","time":16616.761419637,"data":"[16330.5s]   s1 e01  loss 0.7520 | val roc_auc 0.8610 | best 0.8610  *\n"}
,{"stream_name":"stdout","time":16657.222834583,"data":"[16371.0s]   s1 e02  loss 0.7085 | val roc_auc 0.8775 | best 0.8775  *\n"}
,{"stream_name":"stdout","time":16697.528381108,"data":"[16411.3s]   s1 e03  loss 0.6787 | val roc_auc 0.8848 | best 0.8848  *\n"}
,{"stream_name":"stdout","time":16737.986639644,"data":"[16451.8s]   s1 e04  loss 0.6712 | val roc_auc 0.8916 | best 0.8916  *\n"}
,{"stream_name":"stdout","time":16778.509509123,"data":"[16492.3s]   s1 e05  loss 0.6310 | val roc_auc 0.8936 | best 0.8936  *\n"}
,{"stream_name":"stdout","time":16818.764427217,"data":"[16532.5s]   s1 e06  loss 0.6216 | val roc_auc 0.8961 | best 0.8961  *\n"}
,{"stream_name":"stdout","time":16859.510822639,"data":"[16573.3s]   s1 e07  loss 0.6063 | val roc_auc 0.8985 | best 0.8985  *\n"}
,{"stream_name":"stdout","time":16900.184283599,"data":"[16614.0s]   s1 e08  loss 0.6233 | val roc_auc 0.8994 | best 0.8994  *\n"}
,{"stream_name":"stdout","time":16940.564337781,"data":"[16654.3s]   s1 e09  loss 0.6020 | val roc_auc 0.8997 | best 0.8997  *\n"}
,{"stream_name":"stdout","time":16940.907679923,"data":"[16654.7s] --- main/lesion_mil/fold3 stage 2 (lr=1.0e-04, \u003c=15 epochs, patience 4) ---\n"}
,{"stream_name":"stdout","time":16985.354740134,"data":"[16699.1s]   s2 e00  loss 0.9436 | val roc_auc 0.8861 | best 0.8997\n"}
,{"stream_name":"stdout","time":17031.711719422,"data":"[16745.5s]   s2 e01  loss 0.7263 | val roc_auc 0.9246 | best 0.9246  *\n"}
,{"stream_name":"stdout","time":17078.161336913,"data":"[16791.9s]   s2 e02  loss 0.5432 | val roc_auc 0.9161 | best 0.9246\n"}
,{"stream_name":"stdout","time":17124.767153952,"data":"[16838.5s]   s2 e03  loss 0.5041 | val roc_auc 0.9196 | best 0.9246\n"}
,{"stream_name":"stdout","time":17170.801763572,"data":"[16884.6s]   s2 e04  loss 0.4800 | val roc_auc 0.9417 | best 0.9417  *\n"}
,{"stream_name":"stdout","time":17217.248861396,"data":"[16931.0s]   s2 e05  loss 0.4468 | val roc_auc 0.9336 | best 0.9417\n"}
,{"stream_name":"stdout","time":17263.31666168,"data":"[16977.1s]   s2 e06  loss 0.3792 | val roc_auc 0.9350 | best 0.9417\n"}
,{"stream_name":"stdout","time":17308.768054757,"data":"[17022.5s]   s2 e07  loss 0.3569 | val roc_auc 0.9159 | best 0.9417\n"}
,{"stream_name":"stdout","time":17354.010970013,"data":"[17067.8s]   s2 e08  loss 0.3659 | val roc_auc 0.9298 | best 0.9417\n"}
,{"stream_name":"stdout","time":17354.560044851,"data":"[17068.3s]   early stop after 4 epochs without improvement\n"}
,{"stream_name":"stdout","time":17354.786542285,"data":"[17068.6s] main/lesion_mil/fold3: finished. best val roc_auc = 0.9417 (stage 2, epoch 4)\n"}
,{"stream_name":"stdout","time":17362.237575397,"data":"[17076.0s] fold 3 lesion_mil: held-out ROC-AUC = 0.9417\n"}
,{"stream_name":"stdout","time":17362.270352375,"data":"[17076.0s] fold wall-clock 13.8 min | elapsed 4.78 h | budget left 3.52 h\n"}
,{"stream_name":"stdout","time":17362.831346721,"data":"[17076.6s] main/lesion_mil/fold4: 24,098,754 parameters\n"}
,{"stream_name":"stdout","time":17362.832294586,"data":"[17076.6s] --- main/lesion_mil/fold4 stage 1 (lr=1.0e-03, \u003c=10 epochs, patience 3) ---\n"}
,{"stream_name":"stdout","time":17403.976006652,"data":"[17117.8s]   s1 e00  loss 0.8353 | val roc_auc 0.8160 | best 0.8160  *\n"}
,{"stream_name":"stdout","time":17445.871575257,"data":"[17159.7s]   s1 e01  loss 0.7464 | val roc_auc 0.8378 | best 0.8378  *\n"}
,{"stream_name":"stdout","time":17487.777930607,"data":"[17201.6s]   s1 e02  loss 0.7178 | val roc_auc 0.8480 | best 0.8480  *\n"}
,{"stream_name":"stdout","time":17530.218020946,"data":"[17244.0s]   s1 e03  loss 0.6878 | val roc_auc 0.8563 | best 0.8563  *\n"}
,{"stream_name":"stdout","time":17572.147046548,"data":"[17285.9s]   s1 e04  loss 0.6439 | val roc_auc 0.8565 | best 0.8565  *\n"}
,{"stream_name":"stdout","time":17614.532970022,"data":"[17328.3s]   s1 e05  loss 0.6362 | val roc_auc 0.8622 | best 0.8622  *\n"}
,{"stream_name":"stdout","time":17656.138653118,"data":"[17369.9s]   s1 e06  loss 0.6328 | val roc_auc 0.8641 | best 0.8641  *\n"}
,{"stream_name":"stdout","time":17697.889585525,"data":"[17411.7s]   s1 e07  loss 0.6229 | val roc_auc 0.8667 | best 0.8667  *\n"}
,{"stream_name":"stdout","time":17739.317356848,"data":"[17453.1s]   s1 e08  loss 0.6168 | val roc_auc 0.8743 | best 0.8743  *\n"}
,{"stream_name":"stdout","time":17781.068574856,"data":"[17494.8s]   s1 e09  loss 0.6003 | val roc_auc 0.8699 | best 0.8743\n"}
,{"stream_name":"stdout","time":17781.282393863,"data":"[17495.1s] --- main/lesion_mil/fold4 stage 2 (lr=1.0e-04, \u003c=15 epochs, patience 4) ---\n"}
,{"stream_name":"stdout","time":17826.115718346,"data":"[17539.9s]   s2 e00  loss 0.9607 | val roc_auc 0.9333 | best 0.9333  *\n"}
,{"stream_name":"stdout","time":17872.588302985,"data":"[17586.4s]   s2 e01  loss 0.6768 | val roc_auc 0.9192 | best 0.9333\n"}
,{"stream_name":"stdout","time":17917.380096884,"data":"[17631.2s]   s2 e02  loss 0.6245 | val roc_auc 0.9344 | best 0.9344  *\n"}
,{"stream_name":"stdout","time":17963.639544911,"data":"[17677.4s]   s2 e03  loss 0.5193 | val roc_auc 0.9339 | best 0.9344\n"}
,{"stream_name":"stdout","time":18008.459477869,"data":"[17722.2s]   s2 e04  loss 0.4721 | val roc_auc 0.9478 | best 0.9478  *\n"}
,{"stream_name":"stdout","time":18053.680304965,"data":"[17767.5s]   s2 e05  loss 0.4768 | val roc_auc 0.9350 | best 0.9478\n"}
,{"stream_name":"stdout","time":18098.711396884,"data":"[17812.5s]   s2 e06  loss 0.3720 | val roc_auc 0.9456 | best 0.9478\n"}
,{"stream_name":"stdout","time":18143.208645932,"data":"[17857.0s]   s2 e07  loss 0.3559 | val roc_auc 0.9409 | best 0.9478\n"}
,{"stream_name":"stdout","time":18187.680744746,"data":"[17901.5s]   s2 e08  loss 0.3423 | val roc_auc 0.9352 | best 0.9478\n"}
,{"stream_name":"stdout","time":18188.205289706,"data":"[17902.0s]   early stop after 4 epochs without improvement\n"}
,{"stream_name":"stdout","time":18188.427140249,"data":"[17902.2s] main/lesion_mil/fold4: finished. best val roc_auc = 0.9478 (stage 2, epoch 4)\n"}
,{"stream_name":"stdout","time":18195.896016357,"data":"[17909.7s] fold 4 lesion_mil: held-out ROC-AUC = 0.9478\n"}
,{"stream_name":"stdout","time":18195.926893173,"data":"[17909.7s] fold wall-clock 13.9 min | elapsed 5.01 h | budget left 3.29 h\n"}
,{"stream_name":"stdout","time":18196.4878395,"data":"[17910.3s] main/image_mil/fold0: 24,098,754 parameters\n"}
,{"stream_name":"stdout","time":18196.488809417,"data":"[17910.3s] --- main/image_mil/fold0 stage 1 (lr=1.0e-03, \u003c=10 epochs, patience 3) ---\n"}
,{"stream_name":"stdout","time":18235.51248091,"data":"[17949.3s]   s1 e00  loss 1.0448 | val roc_auc 0.7197 | best 0.7197  *\n"}
,{"stream_name":"stdout","time":18275.241871512,"data":"[17989.0s]   s1 e01  loss 0.9724 | val roc_auc 0.7311 | best 0.7311  *\n"}
,{"stream_name":"stdout","time":18315.081221181,"data":"[18028.9s]   s1 e02  loss 0.9257 | val roc_auc 0.7371 | best 0.7371  *\n"}
,{"stream_name":"stdout","time":18354.144875929,"data":"[18067.9s]   s1 e03  loss 0.9224 | val roc_auc 0.7428 | best 0.7428  *\n"}
,{"stream_name":"stdout","time":18392.563644328,"data":"[18106.3s]   s1 e04  loss 0.9075 | val roc_auc 0.7402 | best 0.7428\n"}
,{"stream_name":"stdout","time":18430.78859558,"data":"[18144.6s]   s1 e05  loss 0.8927 | val roc_auc 0.7477 | best 0.7477  *\n"}
,{"stream_name":"stdout","time":18469.293395019,"data":"[18183.1s]   s1 e06  loss 0.8781 | val roc_auc 0.7515 | best 0.7515  *\n"}
,{"stream_name":"stdout","time":18508.074875398,"data":"[18221.9s]   s1 e07  loss 0.8721 | val roc_auc 0.7519 | best 0.7519  *\n"}
,{"stream_name":"stdout","time":18546.879731887,"data":"[18260.7s]   s1 e08  loss 0.8735 | val roc_auc 0.7518 | best 0.7519\n"}
,{"stream_name":"stdout","time":18584.999980947,"data":"[18298.8s]   s1 e09  loss 0.8654 | val roc_auc 0.7516 | best 0.7519\n"}
,{"stream_name":"stdout","time":18585.209164737,"data":"[18299.0s] --- main/image_mil/fold0 stage 2 (lr=1.0e-04, \u003c=15 epochs, patience 4) ---\n"}
,{"stream_name":"stdout","time":18628.114852248,"data":"[18341.9s]   s2 e00  loss 0.9815 | val roc_auc 0.8747 | best 0.8747  *\n"}
,{"stream_name":"stdout","time":18672.255232673,"data":"[18386.0s]   s2 e01  loss 0.7670 | val roc_auc 0.8897 | best 0.8897  *\n"}
,{"stream_name":"stdout","time":18715.195695471,"data":"[18429.0s]   s2 e02  loss 0.6708 | val roc_auc 0.9087 | best 0.9087  *\n"}
,{"stream_name":"stdout","time":18758.350154605,"data":"[18472.1s]   s2 e03  loss 0.5840 | val roc_auc 0.9168 | best 0.9168  *\n"}
,{"stream_name":"stdout","time":18801.426458168,"data":"[18515.2s]   s2 e04  loss 0.5294 | val roc_auc 0.9281 | best 0.9281  *\n"}
,{"stream_name":"stdout","time":18844.352342793,"data":"[18558.1s]   s2 e05  loss 0.5036 | val roc_auc 0.9147 | best 0.9281\n"}
,{"stream_name":"stdout","time":18888.67055663,"data":"[18602.4s]   s2 e06  loss 0.4284 | val roc_auc 0.9219 | best 0.9281\n"}
,{"stream_name":"stdout","time":18932.720569615,"data":"[18646.5s]   s2 e07  loss 0.4302 | val roc_auc 0.9329 | best 0.9329  *\n"}
,{"stream_name":"stdout","time":18978.612404527,"data":"[18692.4s]   s2 e08  loss 0.3364 | val roc_auc 0.9297 | best 0.9329\n"}
,{"stream_name":"stdout","time":19025.566819755,"data":"[18739.3s]   s2 e09  loss 0.3886 | val roc_auc 0.9232 | best 0.9329\n"}
,{"stream_name":"stdout","time":19071.867553497,"data":"[18785.6s]   s2 e10  loss 0.2958 | val roc_auc 0.9171 | best 0.9329\n"}
,{"stream_name":"stdout","time":19117.93145798,"data":"[18831.7s]   s2 e11  loss 0.3023 | val roc_auc 0.9270 | best 0.9329\n"}
,{"stream_name":"stdout","time":19118.501104973,"data":"[18832.3s]   early stop after 4 epochs without improvement\n"}
,{"stream_name":"stdout","time":19118.738835304,"data":"[18832.5s] main/image_mil/fold0: finished. best val roc_auc = 0.9329 (stage 2, epoch 7)\n"}
,{"stream_name":"stdout","time":19126.62133616,"data":"[18840.4s] fold 0 image_mil: held-out ROC-AUC = 0.9329\n"}
,{"stream_name":"stdout","time":19126.655812393,"data":"[18840.4s] fold wall-clock 15.5 min | elapsed 5.27 h | budget left 3.03 h\n"}
,{"stream_name":"stdout","time":19127.203152136,"data":"[18841.0s] main/image_mil/fold1: 24,098,754 parameters\n"}
,{"stream_name":"stdout","time":19127.204218697,"data":"[18841.0s] --- main/image_mil/fold1 stage 1 (lr=1.0e-03, \u003c=10 epochs, patience 3) ---\n"}
,{"stream_name":"stdout","time":19169.365652315,"data":"[18883.1s]   s1 e00  loss 1.0197 | val roc_auc 0.7305 | best 0.7305  *\n"}
,{"stream_name":"stdout","time":19212.131748911,"data":"[18925.9s]   s1 e01  loss 0.9698 | val roc_auc 0.7469 | best 0.7469  *\n"}
,{"stream_name":"stdout","time":19254.951802911,"data":"[18968.7s]   s1 e02  loss 0.9321 | val roc_auc 0.7482 | best 0.7482  *\n"}
,{"stream_name":"stdout","time":19296.973495642,"data":"[19010.8s]   s1 e03  loss 0.9227 | val roc_auc 0.7546 | best 0.7546  *\n"}
,{"stream_name":"stdout","time":19338.798891418,"data":"[19052.6s]   s1 e04  loss 0.9147 | val roc_auc 0.7567 | best 0.7567  *\n"}
,{"stream_name":"stdout","time":19380.793421959,"data":"[19094.6s]   s1 e05  loss 0.8887 | val roc_auc 0.7609 | best 0.7609  *\n"}
,{"stream_name":"stdout","time":19423.061713726,"data":"[19136.8s]   s1 e06  loss 0.8913 | val roc_auc 0.7469 | best 0.7609\n"}
,{"stream_name":"stdout","time":19464.906350644,"data":"[19178.7s]   s1 e07  loss 0.8666 | val roc_auc 0.7645 | best 0.7645  *\n"}
,{"stream_name":"stdout","time":19507.69197232,"data":"[19221.5s]   s1 e08  loss 0.8614 | val roc_auc 0.7593 | best 0.7645\n"}
,{"stream_name":"stdout","time":19550.35637198,"data":"[19264.1s]   s1 e09  loss 0.8658 | val roc_auc 0.7610 | best 0.7645\n"}
,{"stream_name":"stdout","time":19550.605538116,"data":"[19264.4s] --- main/image_mil/fold1 stage 2 (lr=1.0e-04, \u003c=15 epochs, patience 4) ---\n"}
,{"stream_name":"stdout","time":19597.342965366,"data":"[19311.1s]   s2 e00  loss 0.9570 | val roc_auc 0.8751 | best 0.8751  *\n"}
,{"stream_name":"stdout","time":19646.047559611,"data":"[19359.8s]   s2 e01  loss 0.7253 | val roc_auc 0.9159 | best 0.9159  *\n"}
,{"stream_name":"stdout","time":19694.027824367,"data":"[19407.8s]   s2 e02  loss 0.6222 | val roc_auc 0.9220 | best 0.9220  *\n"}
,{"stream_name":"stdout","time":19742.035220869,"data":"[19455.8s]   s2 e03  loss 0.6045 | val roc_auc 0.8961 | best 0.9220\n"}
,{"stream_name":"stdout","time":19788.795000192,"data":"[19502.6s]   s2 e04  loss 0.5344 | val roc_auc 0.9372 | best 0.9372  *\n"}
,{"stream_name":"stdout","time":19835.262885523,"data":"[19549.0s]   s2 e05  loss 0.4829 | val roc_auc 0.9400 | best 0.9400  *\n"}
,{"stream_name":"stdout","time":19881.47994155,"data":"[19595.3s]   s2 e06  loss 0.4539 | val roc_auc 0.9381 | best 0.9400\n"}
,{"stream_name":"stdout","time":19926.700474205,"data":"[19640.5s]   s2 e07  loss 0.4125 | val roc_auc 0.9344 | best 0.9400\n"}
,{"stream_name":"stdout","time":19972.76081508,"data":"[19686.5s]   s2 e08  loss 0.4055 | val roc_auc 0.9216 | best 0.9400\n"}
,{"stream_name":"stdout","time":20018.875077225,"data":"[19732.7s]   s2 e09  loss 0.3279 | val roc_auc 0.9334 | best 0.9400\n"}
,{"stream_name":"stdout","time":20019.438054695,"data":"[19733.2s]   early stop after 4 epochs without improvement\n"}
,{"stream_name":"stdout","time":20019.663911753,"data":"[19733.4s] main/image_mil/fold1: finished. best val roc_auc = 0.9400 (stage 2, epoch 5)\n"}
,{"stream_name":"stdout","time":20027.330563979,"data":"[19741.1s] fold 1 image_mil: held-out ROC-AUC = 0.9400\n"}
,{"stream_name":"stdout","time":20027.365812747,"data":"[19741.1s] fold wall-clock 15.0 min | elapsed 5.52 h | budget left 2.78 h\n"}
,{"stream_name":"stdout","time":20027.90651141,"data":"[19741.7s] main/image_mil/fold2: 24,098,754 parameters\n"}
,{"stream_name":"stdout","time":20027.907433917,"data":"[19741.7s] --- main/image_mil/fold2 stage 1 (lr=1.0e-03, \u003c=10 epochs, patience 3) ---\n"}
,{"stream_name":"stdout","time":20068.784349851,"data":"[19782.6s]   s1 e00  loss 1.0162 | val roc_auc 0.6648 | best 0.6648  *\n"}
,{"stream_name":"stdout","time":20110.03882396,"data":"[19823.8s]   s1 e01  loss 0.9722 | val roc_auc 0.6853 | best 0.6853  *\n"}
,{"stream_name":"stdout","time":20150.671869931,"data":"[19864.5s]   s1 e02  loss 0.9194 | val roc_auc 0.7009 | best 0.7009  *\n"}
,{"stream_name":"stdout","time":20190.264965878,"data":"[19904.0s]   s1 e03  loss 0.9177 | val roc_auc 0.7116 | best 0.7116  *\n"}
,{"stream_name":"stdout","time":20230.546102148,"data":"[19944.3s]   s1 e04  loss 0.8995 | val roc_auc 0.7177 | best 0.7177  *\n"}
,{"stream_name":"stdout","time":20270.211571378,"data":"[19984.0s]   s1 e05  loss 0.8950 | val roc_auc 0.7401 | best 0.7401  *\n"}
,{"stream_name":"stdout","time":20309.073346068,"data":"[20022.9s]   s1 e06  loss 0.8935 | val roc_auc 0.7353 | best 0.7401\n"}
,{"stream_name":"stdout","time":20348.486366742,"data":"[20062.3s]   s1 e07  loss 0.8777 | val roc_auc 0.7268 | best 0.7401\n"}
,{"stream_name":"stdout","time":20387.206098409,"data":"[20101.0s]   s1 e08  loss 0.8778 | val roc_auc 0.7405 | best 0.7405  *\n"}
,{"stream_name":"stdout","time":20426.543063463,"data":"[20140.3s]   s1 e09  loss 0.8648 | val roc_auc 0.7443 | best 0.7443  *\n"}
,{"stream_name":"stdout","time":20426.865856471,"data":"[20140.6s] --- main/image_mil/fold2 stage 2 (lr=1.0e-04, \u003c=15 epochs, patience 4) ---\n"}
,{"stream_name":"stdout","time":20469.591882059,"data":"[20183.4s]   s2 e00  loss 0.9228 | val roc_auc 0.8599 | best 0.8599  *\n"}
,{"stream_name":"stdout","time":20515.347474238,"data":"[20229.1s]   s2 e01  loss 0.7480 | val roc_auc 0.9034 | best 0.9034  *\n"}
,{"stream_name":"stdout","time":20559.111810055,"data":"[20272.9s]   s2 e02  loss 0.6160 | val roc_auc 0.9098 | best 0.9098  *\n"}
,{"stream_name":"stdout","time":20603.07618193,"data":"[20316.9s]   s2 e03  loss 0.5322 | val roc_auc 0.9249 | best 0.9249  *\n"}
,{"stream_name":"stdout","time":20646.466823937,"data":"[20360.2s]   s2 e04  loss 0.5081 | val roc_auc 0.9221 | best 0.9249\n"}
,{"stream_name":"stdout","time":20690.183188901,"data":"[20404.0s]   s2 e05  loss 0.5071 | val roc_auc 0.9305 | best 0.9305  *\n"}
,{"stream_name":"stdout","time":20735.004755281,"data":"[20448.8s]   s2 e06  loss 0.4325 | val roc_auc 0.9349 | best 0.9349  *\n"}
,{"stream_name":"stdout","time":20779.39813933,"data":"[20493.2s]   s2 e07  loss 0.4125 | val roc_auc 0.9324 | best 0.9349\n"}
,{"stream_name":"stdout","time":20824.266007145,"data":"[20538.0s]   s2 e08  loss 0.3197 | val roc_auc 0.9221 | best 0.9349\n"}
,{"stream_name":"stdout","time":20869.27970547,"data":"[20583.1s]   s2 e09  loss 0.3150 | val roc_auc 0.9289 | best 0.9349\n"}
,{"stream_name":"stdout","time":20913.376812219,"data":"[20627.2s]   s2 e10  loss 0.3126 | val roc_auc 0.9297 | best 0.9349\n"}
,{"stream_name":"stdout","time":20913.893802496,"data":"[20627.7s]   early stop after 4 epochs without improvement\n"}
,{"stream_name":"stdout","time":20914.110918392,"data":"[20627.9s] main/image_mil/fold2: finished. best val roc_auc = 0.9349 (stage 2, epoch 6)\n"}
,{"stream_name":"stdout","time":20921.402954464,"data":"[20635.2s] fold 2 image_mil: held-out ROC-AUC = 0.9349\n"}
,{"stream_name":"stdout","time":20921.438369018,"data":"[20635.2s] fold wall-clock 14.9 min | elapsed 5.76 h | budget left 2.54 h\n"}
,{"stream_name":"stdout","time":20921.986642719,"data":"[20635.8s] main/image_mil/fold3: 24,098,754 parameters\n"}
,{"stream_name":"stdout","time":20921.987446104,"data":"[20635.8s] --- main/image_mil/fold3 stage 1 (lr=1.0e-03, \u003c=10 epochs, patience 3) ---\n"}
,{"stream_name":"stdout","time":20961.698751564,"data":"[20675.5s]   s1 e00  loss 1.0348 | val roc_auc 0.6916 | best 0.6916  *\n"}
,{"stream_name":"stdout","time":21001.072311587,"data":"[20714.9s]   s1 e01  loss 1.0082 | val roc_auc 0.6976 | best 0.6976  *\n"}
,{"stream_name":"stdout","time":21040.717254607,"data":"[20754.5s]   s1 e02  loss 0.9476 | val roc_auc 0.7030 | best 0.7030  *\n"}
,{"stream_name":"stdout","time":21081.305904005,"data":"[20795.1s]   s1 e03  loss 0.9476 | val roc_auc 0.7164 | best 0.7164  *\n"}
,{"stream_name":"stdout","time":21122.150803946,"data":"[20835.9s]   s1 e04  loss 0.9330 | val roc_auc 0.7266 | best 0.7266  *\n"}
,{"stream_name":"stdout","time":21162.740999937,"data":"[20876.5s]   s1 e05  loss 0.9048 | val roc_auc 0.7371 | best 0.7371  *\n"}
,{"stream_name":"stdout","time":21202.953877116,"data":"[20916.7s]   s1 e06  loss 0.9231 | val roc_auc 0.7323 | best 0.7371\n"}
,{"stream_name":"stdout","time":21243.610961618,"data":"[20957.4s]   s1 e07  loss 0.9044 | val roc_auc 0.7485 | best 0.7485  *\n"}
,{"stream_name":"stdout","time":21283.17986167,"data":"[20997.0s]   s1 e08  loss 0.8852 | val roc_auc 0.7517 | best 0.7517  *\n"}
,{"stream_name":"stdout","time":21322.462608596,"data":"[21036.2s]   s1 e09  loss 0.8788 | val roc_auc 0.7547 | best 0.7547  *\n"}
,{"stream_name":"stdout","time":21322.795148344,"data":"[21036.6s] --- main/image_mil/fold3 stage 2 (lr=1.0e-04, \u003c=15 epochs, patience 4) ---\n"}
,{"stream_name":"stdout","time":21365.634558475,"data":"[21079.4s]   s2 e00  loss 0.9864 | val roc_auc 0.8902 | best 0.8902  *\n"}
,{"stream_name":"stdout","time":21409.734635033,"data":"[21123.5s]   s2 e01  loss 0.8290 | val roc_auc 0.9087 | best 0.9087  *\n"}
,{"stream_name":"stdout","time":21453.294769812,"data":"[21167.1s]   s2 e02  loss 0.6643 | val roc_auc 0.9088 | best 0.9088  *\n"}
,{"stream_name":"stdout","time":21498.04941187,"data":"[21211.8s]   s2 e03  loss 0.6297 | val roc_auc 0.9057 | best 0.9088\n"}
,{"stream_name":"stdout","time":21540.888291273,"data":"[21254.7s]   s2 e04  loss 0.6313 | val roc_auc 0.9147 | best 0.9147  *\n"}
,{"stream_name":"stdout","time":21584.228857544,"data":"[21298.0s]   s2 e05  loss 0.5261 | val roc_auc 0.9152 | best 0.9152  *\n"}
,{"stream_name":"stdout","time":21627.487504914,"data":"[21341.3s]   s2 e06  loss 0.4958 | val roc_auc 0.9181 | best 0.9181  *\n"}
,{"stream_name":"stdout","time":21670.663004897,"data":"[21384.4s]   s2 e07  loss 0.4525 | val roc_auc 0.9206 | best 0.9206  *\n"}
,{"stream_name":"stdout","time":21715.745987136,"data":"[21429.5s]   s2 e08  loss 0.4506 | val roc_auc 0.9140 | best 0.9206\n"}
,{"stream_name":"stdout","time":21762.354871628,"data":"[21476.1s]   s2 e09  loss 0.3719 | val roc_auc 0.9031 | best 0.9206\n"}
,{"stream_name":"stdout","time":21809.209081757,"data":"[21523.0s]   s2 e10  loss 0.3343 | val roc_auc 0.9307 | best 0.9307  *\n"}
,{"stream_name":"stdout","time":21857.166836342,"data":"[21570.9s]   s2 e11  loss 0.3300 | val roc_auc 0.9122 | best 0.9307\n"}
,{"stream_name":"stdout","time":21905.371808552,"data":"[21619.2s]   s2 e12  loss 0.2902 | val roc_auc 0.9188 | best 0.9307\n"}
,{"stream_name":"stdout","time":21952.873155817,"data":"[21666.7s]   s2 e13  loss 0.2772 | val roc_auc 0.9104 | best 0.9307\n"}
,{"stream_name":"stdout","time":22000.961088908,"data":"[21714.7s]   s2 e14  loss 0.2763 | val roc_auc 0.9367 | best 0.9367  *\n"}
,{"stream_name":"stdout","time":22002.133464261,"data":"[21715.9s] main/image_mil/fold3: finished. best val roc_auc = 0.9367 (stage 2, epoch 14)\n"}
,{"stream_name":"stdout","time":22009.808435776,"data":"[21723.6s] fold 3 image_mil: held-out ROC-AUC = 0.9367\n"}
,{"stream_name":"stdout","time":22009.840348141,"data":"[21723.6s] fold wall-clock 18.1 min | elapsed 6.07 h | budget left 2.23 h\n"}
,{"stream_name":"stdout","time":22010.445902613,"data":"[21724.2s] main/image_mil/fold4: 24,098,754 parameters\n"}
,{"stream_name":"stdout","time":22010.446930706,"data":"[21724.2s] --- main/image_mil/fold4 stage 1 (lr=1.0e-03, \u003c=10 epochs, patience 3) ---\n"}
,{"stream_name":"stdout","time":22053.421977884,"data":"[21767.2s]   s1 e00  loss 1.0280 | val roc_auc 0.7102 | best 0.7102  *\n"}
,{"stream_name":"stdout","time":22095.78926812,"data":"[21809.6s]   s1 e01  loss 0.9764 | val roc_auc 0.7181 | best 0.7181  *\n"}
,{"stream_name":"stdout","time":22139.262381421,"data":"[21853.0s]   s1 e02  loss 0.9273 | val roc_auc 0.7320 | best 0.7320  *\n"}
,{"stream_name":"stdout","time":22182.641391187,"data":"[21896.4s]   s1 e03  loss 0.9447 | val roc_auc 0.7426 | best 0.7426  *\n"}
,{"stream_name":"stdout","time":22225.867223297,"data":"[21939.6s]   s1 e04  loss 0.8990 | val roc_auc 0.7427 | best 0.7427  *\n"}
,{"stream_name":"stdout","time":22269.253228065,"data":"[21983.0s]   s1 e05  loss 0.9013 | val roc_auc 0.7405 | best 0.7427\n"}
,{"stream_name":"stdout","time":22312.665330318,"data":"[22026.4s]   s1 e06  loss 0.8913 | val roc_auc 0.7484 | best 0.7484  *\n"}
,{"stream_name":"stdout","time":22355.977234301,"data":"[22069.8s]   s1 e07  loss 0.8785 | val roc_auc 0.7477 | best 0.7484\n"}
,{"stream_name":"stdout","time":22399.791935647,"data":"[22113.6s]   s1 e08  loss 0.8619 | val roc_auc 0.7494 | best 0.7494  *\n"}
,{"stream_name":"stdout","time":22442.773865425,"data":"[22156.6s]   s1 e09  loss 0.8538 | val roc_auc 0.7530 | best 0.7530  *\n"}
,{"stream_name":"stdout","time":22443.131440131,"data":"[22156.9s] --- main/image_mil/fold4 stage 2 (lr=1.0e-04, \u003c=15 epochs, patience 4) ---\n"}
,{"stream_name":"stdout","time":22488.959075978,"data":"[22202.7s]   s2 e00  loss 1.0198 | val roc_auc 0.8441 | best 0.8441  *\n"}
,{"stream_name":"stdout","time":22535.968380601,"data":"[22249.7s]   s2 e01  loss 0.7057 | val roc_auc 0.8952 | best 0.8952  *\n"}
,{"stream_name":"stdout","time":22582.528839049,"data":"[22296.3s]   s2 e02  loss 0.6491 | val roc_auc 0.9171 | best 0.9171  *\n"}
,{"stream_name":"stdout","time":22630.23828636,"data":"[22344.0s]   s2 e03  loss 0.5509 | val roc_auc 0.9217 | best 0.9217  *\n"}
,{"stream_name":"stdout","time":22677.690914828,"data":"[22391.5s]   s2 e04  loss 0.5385 | val roc_auc 0.9312 | best 0.9312  *\n"}
,{"stream_name":"stdout","time":22725.36393148,"data":"[22439.1s]   s2 e05  loss 0.4911 | val roc_auc 0.9249 | best 0.9312\n"}
,{"stream_name":"stdout","time":22773.385193185,"data":"[22487.2s]   s2 e06  loss 0.4412 | val roc_auc 0.9357 | best 0.9357  *\n"}
,{"stream_name":"stdout","time":22819.929032567,"data":"[22533.7s]   s2 e07  loss 0.3827 | val roc_auc 0.9251 | best 0.9357\n"}
,{"stream_name":"stdout","time":22866.297460762,"data":"[22580.1s]   s2 e08  loss 0.3747 | val roc_auc 0.9239 | best 0.9357\n"}
,{"stream_name":"stdout","time":22913.91388124,"data":"[22627.7s]   s2 e09  loss 0.3049 | val roc_auc 0.9342 | best 0.9357\n"}
,{"stream_name":"stdout","time":22960.796058706,"data":"[22674.6s]   s2 e10  loss 0.2668 | val roc_auc 0.9312 | best 0.9357\n"}
,{"stream_name":"stdout","time":22961.350343877,"data":"[22675.1s]   early stop after 4 epochs without improvement\n"}
,{"stream_name":"stdout","time":22961.578906103,"data":"[22675.4s] main/image_mil/fold4: finished. best val roc_auc = 0.9357 (stage 2, epoch 6)\n"}
,{"stream_name":"stdout","time":22969.206656251,"data":"[22683.0s] fold 4 image_mil: held-out ROC-AUC = 0.9357\n"}
,{"stream_name":"stdout","time":22969.240641319,"data":"[22683.0s] fold wall-clock 16.0 min | elapsed 6.33 h | budget left 1.97 h\n"}
,{"stream_name":"stdout","time":22969.243185369,"data":"\n"}
,{"stream_name":"stdout","time":22969.243227189,"data":"models with all folds complete: ['rcaf', 'mr_mil', 'der_mil', 'lesion_mil', 'image_mil']\n"}
,{"stream_name":"stdout","time":22969.243251446,"data":"\n"}
,{"stream_name":"stdout","time":22969.243257263,"data":"==============================================================================\n"}
,{"stream_name":"stdout","time":22969.243261331,"data":"CROSS-VALIDATION  |  rcaf\n"}
,{"stream_name":"stdout","time":22969.243266081,"data":"==============================================================================\n"}
,{"stream_name":"stdout","time":22969.243270221,"data":"[22683.0s] SKIP  cv/main/rcaf/fold0\n"}
,{"stream_name":"stdout","time":22969.250303719,"data":"[22683.0s] SKIP  cv/main/rcaf/fold1\n"}
,{"stream_name":"stdout","time":22969.252134682,"data":"[22683.0s] SKIP  cv/main/rcaf/fold2\n"}
,{"stream_name":"stdout","time":22969.253886478,"data":"[22683.0s] SKIP  cv/main/rcaf/fold3\n"}
,{"stream_name":"stdout","time":22969.255491506,"data":"[22683.0s] SKIP  cv/main/rcaf/fold4\n"}
,{"stream_name":"stdout","time":22969.297703896,"data":"[22683.1s] rcaf: pooled OOF ROC-AUC 0.9912 | per-fold mean 0.9924 +/- 0.0020\n"}
,{"stream_name":"stdout","time":22970.029702755,"data":"[22683.8s] calibration: T = 1.2389 | thresholds {'raw': 0.5, 'youden': 0.5249, 'sens90': 0.8237}\n"}
,{"stream_name":"stdout","time":22970.030155059,"data":"\n"}
,{"stream_name":"stdout","time":22970.030176231,"data":"==============================================================================\n"}
,{"stream_name":"stdout","time":22970.030181698,"data":"SINGLE-SHOT TEST EVALUATION  |  rcaf\n"}
,{"stream_name":"stdout","time":22970.03018617,"data":"==============================================================================\n"}
,{"stream_name":"stdout","time":22970.627894722,"data":"[22684.4s] main/rcaf/final: 24,230,082 parameters\n"}
,{"stream_name":"stdout","time":22970.629015008,"data":"[22684.4s] --- main/rcaf/final stage 1 (lr=1.0e-03, \u003c=10 epochs, patience 3) ---\n"}
,{"stream_name":"stdout","time":23015.762088859,"data":"[22729.5s]   s1 e00  loss 0.3763 | val roc_auc 0.9890 | best 0.9890  *\n"}
,{"stream_name":"stdout","time":23061.333954418,"data":"[22775.1s]   s1 e01  loss 0.2724 | val roc_auc 0.9910 | best 0.9910  *\n"}
,{"stream_name":"stdout","time":23107.406337146,"data":"[22821.2s]   s1 e02  loss 0.2928 | val roc_auc 0.9938 | best 0.9938  *\n"}
,{"stream_name":"stdout","time":23153.138962985,"data":"[22866.9s]   s1 e03  loss 0.2406 | val roc_auc 0.9919 | best 0.9938\n"}
,{"stream_name":"stdout","time":23198.216202461,"data":"[22912.0s]   s1 e04  loss 0.2396 | val roc_auc 0.9891 | best 0.9938\n"}
,{"stream_name":"stdout","time":23243.372101658,"data":"[22957.2s]   s1 e05  loss 0.2370 | val roc_auc 0.9877 | best 0.9938\n"}
,{"stream_name":"stdout","time":23243.601936084,"data":"[22957.4s]   early stop after 3 epochs without improvement\n"}
,{"stream_name":"stdout","time":23243.603394874,"data":"[22957.4s] --- main/rcaf/final stage 2 (lr=1.0e-04, \u003c=15 epochs, patience 4) ---\n"}
,{"stream_name":"stdout","time":23304.966569967,"data":"[23018.7s]   s2 e00  loss 0.5035 | val roc_auc 0.9844 | best 0.9938\n"}
,{"stream_name":"stdout","time":23366.64966861,"data":"[23080.4s]   s2 e01  loss 0.2268 | val roc_auc 0.9930 | best 0.9938\n"}
,{"stream_name":"stdout","time":23428.545717932,"data":"[23142.3s]   s2 e02  loss 0.2133 | val roc_auc 0.9920 | best 0.9938\n"}
,{"stream_name":"stdout","time":23489.740706167,"data":"[23203.5s]   s2 e03  loss 0.1921 | val roc_auc 0.9927 | best 0.9938\n"}
,{"stream_name":"stdout","time":23490.324525509,"data":"[23204.1s]   early stop after 4 epochs without improvement\n"}
,{"stream_name":"stdout","time":23490.572578021,"data":"[23204.4s] main/rcaf/final: finished. best val roc_auc = 0.9938 (stage 1, epoch 2)\n"}
,{"stream_name":"stdout","time":23490.654389542,"data":"[23204.4s] final predictor: refit over 1 checkpoint(s)\n"}
,{"stream_name":"stdout","time":23506.988701031,"data":"[23220.8s] rcaf test ROC-AUC = 0.9869  (PR-AUC 0.9885, F1@0.5 0.9327)\n"}
,{"stream_name":"stdout","time":23507.004711997,"data":"[23220.8s] \n"}
,{"stream_name":"stdout","time":23507.004748961,"data":"== calibration (rcaf) ==\n"}
,{"stream_name":"stdout","time":23507.004754502,"data":"   cohort                     condition      ece    brier  ece_benign  ece_malignant\n"}
,{"stream_name":"stdout","time":23507.004758445,"data":"Dev (OOF)          Before temp. scaling 0.019803 0.028620    0.047844       0.059398\n"}
,{"stream_name":"stdout","time":23507.004761943,"data":"Dev (OOF) After temp. scaling (T=1.239) 0.025716 0.028672    0.057355       0.064480\n"}
,{"stream_name":"stdout","time":23507.004765591,"data":" Test set            Temp. scaling only 0.039614 0.044997    0.040499       0.124780\n"}
,{"stream_name":"stdout","time":23507.004769356,"data":" Test set      + Prior-shift correction 0.026531 0.038838    0.077391       0.087341\n"}
,{"stream_name":"stdout","time":23507.005799041,"data":"\n"}
,{"stream_name":"stdout","time":23507.005817669,"data":"==============================================================================\n"}
,{"stream_name":"stdout","time":23507.005825664,"data":"CROSS-VALIDATION  |  mr_mil\n"}
,{"stream_name":"stdout","time":23507.0058318,"data":"==============================================================================\n"}
,{"stream_name":"stdout","time":23507.005873708,"data":"[23220.8s] SKIP  cv/main/mr_mil/fold0\n"}
,{"stream_name":"stdout","time":23507.007818911,"data":"[23220.8s] SKIP  cv/main/mr_mil/fold1\n"}
,{"stream_name":"stdout","time":23507.009501442,"data":"[23220.8s] SKIP  cv/main/mr_mil/fold2\n"}
,{"stream_name":"stdout","time":23507.011207361,"data":"[23220.8s] SKIP  cv/main/mr_mil/fold3\n"}
,{"stream_name":"stdout","time":23507.012718606,"data":"[23220.8s] SKIP  cv/main/mr_mil/fold4\n"}
,{"stream_name":"stdout","time":23507.047769398,"data":"[23220.8s] mr_mil: pooled OOF ROC-AUC 0.9287 | per-fold mean 0.9352 +/- 0.0023\n"}
,{"stream_name":"stdout","time":23507.927852942,"data":"[23221.7s] calibration: T = 2.2460 | thresholds {'raw': 0.5, 'youden': 0.3536, 'sens90': 0.3558}\n"}
,{"stream_name":"stdout","time":23507.928228517,"data":"\n"}
,{"stream_name":"stdout","time":23507.92823818,"data":"==============================================================================\n"}
,{"stream_name":"stdout","time":23507.928243003,"data":"SINGLE-SHOT TEST EVALUATION  |  mr_mil\n"}
,{"stream_name":"stdout","time":23507.928247685,"data":"==============================================================================\n"}
,{"stream_name":"stdout","time":23508.541537046,"data":"[23222.3s] main/mr_mil/final: 26,757,801 parameters\n"}
,{"stream_name":"stdout","time":23508.542658847,"data":"[23222.3s] --- main/mr_mil/final stage 1 (lr=1.0e-03, \u003c=10 epochs, patience 3) ---\n"}
,{"stream_name":"stdout","time":23559.357409905,"data":"[23273.1s]   s1 e00  loss 0.9238 | val roc_auc 0.7907 | best 0.7907  *\n"}
,{"stream_name":"stdout","time":23611.130311248,"data":"[23324.9s]   s1 e01  loss 0.7917 | val roc_auc 0.8018 | best 0.8018  *\n"}
,{"stream_name":"stdout","time":23662.907267907,"data":"[23376.7s]   s1 e02  loss 0.7665 | val roc_auc 0.8259 | best 0.8259  *\n"}
,{"stream_name":"stdout","time":23714.289585035,"data":"[23428.1s]   s1 e03  loss 0.7311 | val roc_auc 0.8364 | best 0.8364  *\n"}
,{"stream_name":"stdout","time":23764.71853727,"data":"[23478.5s]   s1 e04  loss 0.7067 | val roc_auc 0.8479 | best 0.8479  *\n"}
,{"stream_name":"stdout","time":23815.578164445,"data":"[23529.4s]   s1 e05  loss 0.6742 | val roc_auc 0.8396 | best 0.8479\n"}
,{"stream_name":"stdout","time":23866.876427428,"data":"[23580.7s]   s1 e06  loss 0.6616 | val roc_auc 0.8525 | best 0.8525  *\n"}
,{"stream_name":"stdout","time":23919.102195274,"data":"[23632.9s]   s1 e07  loss 0.6482 | val roc_auc 0.8622 | best 0.8622  *\n"}
,{"stream_name":"stdout","time":23969.443852327,"data":"[23683.2s]   s1 e08  loss 0.6426 | val roc_auc 0.8637 | best 0.8637  *\n"}
,{"stream_name":"stdout","time":24019.499114486,"data":"[23733.3s]   s1 e09  loss 0.6263 | val roc_auc 0.8583 | best 0.8637\n"}
,{"stream_name":"stdout","time":24019.790370361,"data":"[23733.6s] --- main/mr_mil/final stage 2 (lr=1.0e-04, \u003c=15 epochs, patience 4) ---\n"}
,{"stream_name":"stdout","time":24074.688076167,"data":"[23788.5s]   s2 e00  loss 0.8137 | val roc_auc 0.9177 | best 0.9177  *\n"}
,{"stream_name":"stdout","time":24130.74059455,"data":"[23844.5s]   s2 e01  loss 0.5786 | val roc_auc 0.8868 | best 0.9177\n"}
,{"stream_name":"stdout","time":24186.792289053,"data":"[23900.6s]   s2 e02  loss 0.4978 | val roc_auc 0.9099 | best 0.9177\n"}
,{"stream_name":"stdout","time":24242.340005216,"data":"[23956.1s]   s2 e03  loss 0.4622 | val roc_auc 0.9210 | best 0.9210  *\n"}
,{"stream_name":"stdout","time":24299.711188721,"data":"[24013.5s]   s2 e04  loss 0.3934 | val roc_auc 0.9140 | best 0.9210\n"}
,{"stream_name":"stdout","time":24356.348379129,"data":"[24070.1s]   s2 e05  loss 0.3633 | val roc_auc 0.9414 | best 0.9414  *\n"}
,{"stream_name":"stdout","time":24413.736054611,"data":"[24127.5s]   s2 e06  loss 0.3372 | val roc_auc 0.9264 | best 0.9414\n"}
,{"stream_name":"stdout","time":24470.010890075,"data":"[24183.8s]   s2 e07  loss 0.2797 | val roc_auc 0.9325 | best 0.9414\n"}
,{"stream_name":"stdout","time":24525.106754111,"data":"[24238.9s]   s2 e08  loss 0.2371 | val roc_auc 0.9360 | best 0.9414\n"}
,{"stream_name":"stdout","time":24580.980958738,"data":"[24294.8s]   s2 e09  loss 0.2418 | val roc_auc 0.9204 | best 0.9414\n"}
,{"stream_name":"stdout","time":24581.617389936,"data":"[24295.4s]   early stop after 4 epochs without improvement\n"}
,{"stream_name":"stdout","time":24581.887900758,"data":"[24295.7s] main/mr_mil/final: finished. best val roc_auc = 0.9414 (stage 2, epoch 5)\n"}
,{"stream_name":"stdout","time":24581.925251736,"data":"[24295.7s] final predictor: refit over 1 checkpoint(s)\n"}
,{"stream_name":"stdout","time":24598.602850178,"data":"[24312.4s] mr_mil test ROC-AUC = 0.9422  (PR-AUC 0.9326, F1@0.5 0.8530)\n"}
,{"stream_name":"stdout","time":24598.618334775,"data":"[24312.4s] \n"}
,{"stream_name":"stdout","time":24598.618378589,"data":"== calibration (mr_mil) ==\n"}
,{"stream_name":"stdout","time":24598.618385792,"data":"   cohort                     condition      ece    brier  ece_benign  ece_malignant\n"}
,{"stream_name":"stdout","time":24598.618391877,"data":"Dev (OOF)          Before temp. scaling 0.092918 0.110152    0.138452       0.174865\n"}
,{"stream_name":"stdout","time":24598.618398208,"data":"Dev (OOF) After temp. scaling (T=2.246) 0.067596 0.098153    0.176867       0.241031\n"}
,{"stream_name":"stdout","time":24598.618404192,"data":" Test set            Temp. scaling only 0.052472 0.098552    0.188851       0.260646\n"}
,{"stream_name":"stdout","time":24598.618409585,"data":" Test set      + Prior-shift correction 0.095971 0.108136    0.307371       0.145453\n"}
,{"stream_name":"stdout","time":24598.619362903,"data":"\n"}
,{"stream_name":"stdout","time":24598.619378651,"data":"==============================================================================\n"}
,{"stream_name":"stdout","time":24598.619385305,"data":"CROSS-VALIDATION  |  der_mil\n"}
,{"stream_name":"stdout","time":24598.619391226,"data":"==============================================================================\n"}
,{"stream_name":"stdout","time":24598.619445466,"data":"[24312.4s] SKIP  cv/main/der_mil/fold0\n"}
,{"stream_name":"stdout","time":24598.621411903,"data":"[24312.4s] SKIP  cv/main/der_mil/fold1\n"}
,{"stream_name":"stdout","time":24598.623004908,"data":"[24312.4s] SKIP  cv/main/der_mil/fold2\n"}
,{"stream_name":"stdout","time":24598.624532774,"data":"[24312.4s] SKIP  cv/main/der_mil/fold3\n"}
,{"stream_name":"stdout","time":24598.626155007,"data":"[24312.4s] SKIP  cv/main/der_mil/fold4\n"}
,{"stream_name":"stdout","time":24598.660543726,"data":"[24312.4s] der_mil: pooled OOF ROC-AUC 0.9280 | per-fold mean 0.9375 +/- 0.0030\n"}
,{"stream_name":"stdout","time":24599.398981229,"data":"[24313.2s] calibration: T = 1.7170 | thresholds {'raw': 0.5, 'youden': 0.3839, 'sens90': 0.2814}\n"}
,{"stream_name":"stdout","time":24599.399348619,"data":"\n"}
,{"stream_name":"stdout","time":24599.3993662,"data":"==============================================================================\n"}
,{"stream_name":"stdout","time":24599.39937131,"data":"SINGLE-SHOT TEST EVALUATION  |  der_mil\n"}
,{"stream_name":"stdout","time":24599.399376441,"data":"==============================================================================\n"}
,{"stream_name":"stdout","time":24599.993842077,"data":"[24313.8s] main/der_mil/final: 27,185,581 parameters\n"}
,{"stream_name":"stdout","time":24599.99589488,"data":"[24313.8s] --- main/der_mil/final stage 1 (lr=1.0e-03, \u003c=10 epochs, patience 3) ---\n"}
,{"stream_name":"stdout","time":24652.285436103,"data":"[24366.1s]   s1 e00  loss 0.9292 | val roc_auc 0.7937 | best 0.7937  *\n"}
,{"stream_name":"stdout","time":24705.629131746,"data":"[24419.4s]   s1 e01  loss 0.8112 | val roc_auc 0.8024 | best 0.8024  *\n"}
,{"stream_name":"stdout","time":24758.380722313,"data":"[24472.2s]   s1 e02  loss 0.7547 | val roc_auc 0.8253 | best 0.8253  *\n"}
,{"stream_name":"stdout","time":24811.056064863,"data":"[24524.8s]   s1 e03  loss 0.7381 | val roc_auc 0.8423 | best 0.8423  *\n"}
,{"stream_name":"stdout","time":24863.624837074,"data":"[24577.4s]   s1 e04  loss 0.7095 | val roc_auc 0.8451 | best 0.8451  *\n"}
,{"stream_name":"stdout","time":24916.992351346,"data":"[24630.8s]   s1 e05  loss 0.6903 | val roc_auc 0.8407 | best 0.8451\n"}
,{"stream_name":"stdout","time":24970.432465288,"data":"[24684.2s]   s1 e06  loss 0.6611 | val roc_auc 0.8546 | best 0.8546  *\n"}
,{"stream_name":"stdout","time":25023.305961415,"data":"[24737.1s]   s1 e07  loss 0.6416 | val roc_auc 0.8670 | best 0.8670  *\n"}
,{"stream_name":"stdout","time":25076.429205675,"data":"[24790.2s]   s1 e08  loss 0.6501 | val roc_auc 0.8633 | best 0.8670\n"}
,{"stream_name":"stdout","time":25129.899687006,"data":"[24843.7s]   s1 e09  loss 0.6232 | val roc_auc 0.8547 | best 0.8670\n"}
,{"stream_name":"stdout","time":25130.232848027,"data":"[24844.0s] --- main/der_mil/final stage 2 (lr=1.0e-04, \u003c=15 epochs, patience 4) ---\n"}
,{"stream_name":"stdout","time":25188.536450182,"data":"[24902.3s]   s2 e00  loss 0.7966 | val roc_auc 0.9154 | best 0.9154  *\n"}
,{"stream_name":"stdout","time":25248.05376432,"data":"[24961.8s]   s2 e01  loss 0.5672 | val roc_auc 0.9322 | best 0.9322  *\n"}
,{"stream_name":"stdout","time":25307.424460953,"data":"[25021.2s]   s2 e02  loss 0.4949 | val roc_auc 0.9302 | best 0.9322\n"}
,{"stream_name":"stdout","time":25365.390391652,"data":"[25079.2s]   s2 e03  loss 0.4333 | val roc_auc 0.9106 | best 0.9322\n"}
,{"stream_name":"stdout","time":25423.862992828,"data":"[25137.6s]   s2 e04  loss 0.4017 | val roc_auc 0.9166 | best 0.9322\n"}
,{"stream_name":"stdout","time":25483.108276056,"data":"[25196.9s]   s2 e05  loss 0.3642 | val roc_auc 0.9491 | best 0.9491  *\n"}
,{"stream_name":"stdout","time":25542.162882719,"data":"[25255.9s]   s2 e06  loss 0.2947 | val roc_auc 0.9436 | best 0.9491\n"}
,{"stream_name":"stdout","time":25600.364313583,"data":"[25314.1s]   s2 e07  loss 0.2647 | val roc_auc 0.9391 | best 0.9491\n"}
,{"stream_name":"stdout","time":25657.489211223,"data":"[25371.3s]   s2 e08  loss 0.2303 | val roc_auc 0.9367 | best 0.9491\n"}
,{"stream_name":"stdout","time":25715.24295447,"data":"[25429.0s]   s2 e09  loss 0.2359 | val roc_auc 0.9274 | best 0.9491\n"}
,{"stream_name":"stdout","time":25715.87486503,"data":"[25429.7s]   early stop after 4 epochs without improvement\n"}
,{"stream_name":"stdout","time":25716.142669431,"data":"[25429.9s] main/der_mil/final: finished. best val roc_auc = 0.9491 (stage 2, epoch 5)\n"}
,{"stream_name":"stdout","time":25716.18136683,"data":"[25430.0s] final predictor: refit over 1 checkpoint(s)\n"}
,{"stream_name":"stdout","time":25732.60999613,"data":"[25446.4s] der_mil test ROC-AUC = 0.9387  (PR-AUC 0.9301, F1@0.5 0.8162)\n"}
,{"stream_name":"stdout","time":25732.628134474,"data":"[25446.4s] \n"}
,{"stream_name":"stdout","time":25732.628188846,"data":"== calibration (der_mil) ==\n"}
,{"stream_name":"stdout","time":25732.628197606,"data":"   cohort                     condition      ece    brier  ece_benign  ece_malignant\n"}
,{"stream_name":"stdout","time":25732.628203994,"data":"Dev (OOF)          Before temp. scaling 0.076281 0.104403    0.136325       0.208478\n"}
,{"stream_name":"stdout","time":25732.628209879,"data":"Dev (OOF) After temp. scaling (T=1.717) 0.061197 0.097565    0.171810       0.251964\n"}
,{"stream_name":"stdout","time":25732.628215775,"data":" Test set            Temp. scaling only 0.089909 0.113017    0.106558       0.304686\n"}
,{"stream_name":"stdout","time":25732.628221616,"data":" Test set      + Prior-shift correction 0.036054 0.097491    0.171171       0.200940\n"}
,{"stream_name":"stdout","time":25732.629226124,"data":"\n"}
,{"stream_name":"stdout","time":25732.629249589,"data":"==============================================================================\n"}
,{"stream_name":"stdout","time":25732.62925627,"data":"CROSS-VALIDATION  |  lesion_mil\n"}
,{"stream_name":"stdout","time":25732.629261778,"data":"==============================================================================\n"}
,{"stream_name":"stdout","time":25732.629267333,"data":"[25446.4s] SKIP  cv/main/lesion_mil/fold0\n"}
,{"stream_name":"stdout","time":25732.631071617,"data":"[25446.4s] SKIP  cv/main/lesion_mil/fold1\n"}
,{"stream_name":"stdout","time":25732.633026814,"data":"[25446.4s] SKIP  cv/main/lesion_mil/fold2\n"}
,{"stream_name":"stdout","time":25732.634588368,"data":"[25446.4s] SKIP  cv/main/lesion_mil/fold3\n"}
,{"stream_name":"stdout","time":25732.636157598,"data":"[25446.4s] SKIP  cv/main/lesion_mil/fold4\n"}
,{"stream_name":"stdout","time":25732.670323715,"data":"[25446.4s] lesion_mil: pooled OOF ROC-AUC 0.9450 | per-fold mean 0.9469 +/- 0.0029\n"}
,{"stream_name":"stdout","time":25733.373505449,"data":"[25447.2s] calibration: T = 1.8727 | thresholds {'raw': 0.5, 'youden': 0.5118, 'sens90': 0.4175}\n"}
,{"stream_name":"stdout","time":25733.373830243,"data":"\n"}
,{"stream_name":"stdout","time":25733.373841923,"data":"==============================================================================\n"}
,{"stream_name":"stdout","time":25733.373846726,"data":"SINGLE-SHOT TEST EVALUATION  |  lesion_mil\n"}
,{"stream_name":"stdout","time":25733.373851271,"data":"==============================================================================\n"}
,{"stream_name":"stdout","time":25734.097972295,"data":"[25447.9s] main/lesion_mil/final: 24,098,754 parameters\n"}
,{"stream_name":"stdout","time":25734.098817343,"data":"[25447.9s] --- main/lesion_mil/final stage 1 (lr=1.0e-03, \u003c=10 epochs, patience 3) ---\n"}
,{"stream_name":"stdout","time":25776.855121623,"data":"[25490.6s]   s1 e00  loss 0.8374 | val roc_auc 0.8201 | best 0.8201  *\n"}
,{"stream_name":"stdout","time":25820.850896368,"data":"[25534.6s]   s1 e01  loss 0.7169 | val roc_auc 0.8459 | best 0.8459  *\n"}
,{"stream_name":"stdout","time":25864.356676819,"data":"[25578.1s]   s1 e02  loss 0.6914 | val roc_auc 0.8560 | best 0.8560  *\n"}
,{"stream_name":"stdout","time":25907.715543843,"data":"[25621.5s]   s1 e03  loss 0.6788 | val roc_auc 0.8663 | best 0.8663  *\n"}
,{"stream_name":"stdout","time":25950.807230791,"data":"[25664.6s]   s1 e04  loss 0.6616 | val roc_auc 0.8664 | best 0.8664  *\n"}
,{"stream_name":"stdout","time":25993.260576999,"data":"[25707.0s]   s1 e05  loss 0.6166 | val roc_auc 0.8692 | best 0.8692  *\n"}
,{"stream_name":"stdout","time":26035.836165404,"data":"[25749.6s]   s1 e06  loss 0.6402 | val roc_auc 0.8782 | best 0.8782  *\n"}
,{"stream_name":"stdout","time":26077.985660223,"data":"[25791.8s]   s1 e07  loss 0.5981 | val roc_auc 0.8864 | best 0.8864  *\n"}
,{"stream_name":"stdout","time":26121.003282502,"data":"[25834.8s]   s1 e08  loss 0.6019 | val roc_auc 0.8861 | best 0.8864\n"}
,{"stream_name":"stdout","time":26163.846024206,"data":"[25877.6s]   s1 e09  loss 0.6169 | val roc_auc 0.8756 | best 0.8864\n"}
,{"stream_name":"stdout","time":26164.061693714,"data":"[25877.8s] --- main/lesion_mil/final stage 2 (lr=1.0e-04, \u003c=15 epochs, patience 4) ---\n"}
,{"stream_name":"stdout","time":26210.915281545,"data":"[25924.7s]   s2 e00  loss 0.9458 | val roc_auc 0.8532 | best 0.8864\n"}
,{"stream_name":"stdout","time":26258.535693357,"data":"[25972.3s]   s2 e01  loss 0.6546 | val roc_auc 0.9329 | best 0.9329  *\n"}
,{"stream_name":"stdout","time":26306.782440553,"data":"[26020.6s]   s2 e02  loss 0.5732 | val roc_auc 0.9352 | best 0.9352  *\n"}
,{"stream_name":"stdout","time":26355.071873824,"data":"[26068.9s]   s2 e03  loss 0.5171 | val roc_auc 0.9333 | best 0.9352\n"}
,{"stream_name":"stdout","time":26403.677949463,"data":"[26117.5s]   s2 e04  loss 0.5325 | val roc_auc 0.9297 | best 0.9352\n"}
,{"stream_name":"stdout","time":26452.145376871,"data":"[26165.9s]   s2 e05  loss 0.4158 | val roc_auc 0.9261 | best 0.9352\n"}
,{"stream_name":"stdout","time":26501.132754462,"data":"[26214.9s]   s2 e06  loss 0.3781 | val roc_auc 0.9288 | best 0.9352\n"}
,{"stream_name":"stdout","time":26501.706112774,"data":"[26215.5s]   early stop after 4 epochs without improvement\n"}
,{"stream_name":"stdout","time":26501.948333538,"data":"[26215.7s] main/lesion_mil/final: finished. best val roc_auc = 0.9352 (stage 2, epoch 2)\n"}
,{"stream_name":"stdout","time":26501.988712992,"data":"[26215.8s] final predictor: refit over 1 checkpoint(s)\n"}
,{"stream_name":"stdout","time":26517.13131649,"data":"[26230.9s] lesion_mil test ROC-AUC = 0.9554  (PR-AUC 0.9498, F1@0.5 0.8755)\n"}
,{"stream_name":"stdout","time":26517.147886147,"data":"[26230.9s] \n"}
,{"stream_name":"stdout","time":26517.147931812,"data":"== calibration (lesion_mil) ==\n"}
,{"stream_name":"stdout","time":26517.147939328,"data":"   cohort                     condition      ece    brier  ece_benign  ece_malignant\n"}
,{"stream_name":"stdout","time":26517.147945178,"data":"Dev (OOF)          Before temp. scaling 0.085228 0.098502    0.146007       0.148961\n"}
,{"stream_name":"stdout","time":26517.147963145,"data":"Dev (OOF) After temp. scaling (T=1.873) 0.078955 0.091466    0.176471       0.196471\n"}
,{"stream_name":"stdout","time":26517.147969174,"data":" Test set            Temp. scaling only 0.047334 0.085974    0.183599       0.210486\n"}
,{"stream_name":"stdout","time":26517.14797574,"data":" Test set      + Prior-shift correction 0.099514 0.103242    0.290172       0.114973\n"}
,{"stream_name":"stdout","time":26517.148983356,"data":"\n"}
,{"stream_name":"stdout","time":26517.149023452,"data":"==============================================================================\n"}
,{"stream_name":"stdout","time":26517.14902955,"data":"CROSS-VALIDATION  |  image_mil\n"}
,{"stream_name":"stdout","time":26517.14903409,"data":"==============================================================================\n"}
,{"stream_name":"stdout","time":26517.149050177,"data":"[26230.9s] SKIP  cv/main/image_mil/fold0\n"}
,{"stream_name":"stdout","time":26517.151087662,"data":"[26230.9s] SKIP  cv/main/image_mil/fold1\n"}
,{"stream_name":"stdout","time":26517.152669898,"data":"[26230.9s] SKIP  cv/main/image_mil/fold2\n"}
,{"stream_name":"stdout","time":26517.154226724,"data":"[26230.9s] SKIP  cv/main/image_mil/fold3\n"}
,{"stream_name":"stdout","time":26517.155805754,"data":"[26230.9s] SKIP  cv/main/image_mil/fold4\n"}
,{"stream_name":"stdout","time":26517.190002654,"data":"[26231.0s] image_mil: pooled OOF ROC-AUC 0.9321 | per-fold mean 0.9360 +/- 0.0023\n"}
,{"stream_name":"stdout","time":26518.007649714,"data":"[26231.8s] calibration: T = 2.3135 | thresholds {'raw': 0.5, 'youden': 0.5423, 'sens90': 0.5035}\n"}
,{"stream_name":"stdout","time":26518.008092559,"data":"\n"}
,{"stream_name":"stdout","time":26518.008114267,"data":"==============================================================================\n"}
,{"stream_name":"stdout","time":26518.008119649,"data":"SINGLE-SHOT TEST EVALUATION  |  image_mil\n"}
,{"stream_name":"stdout","time":26518.008124453,"data":"==============================================================================\n"}
,{"stream_name":"stdout","time":26518.598657054,"data":"[26232.4s] main/image_mil/final: 24,098,754 parameters\n"}
,{"stream_name":"stdout","time":26518.599830649,"data":"[26232.4s] --- main/image_mil/final stage 1 (lr=1.0e-03, \u003c=10 epochs, patience 3) ---\n"}
,{"stream_name":"stdout","time":26561.190422088,"data":"[26275.0s]   s1 e00  loss 1.0400 | val roc_auc 0.6787 | best 0.6787  *\n"}
,{"stream_name":"stdout","time":26604.632069156,"data":"[26318.4s]   s1 e01  loss 0.9562 | val roc_auc 0.6939 | best 0.6939  *\n"}
,{"stream_name":"stdout","time":26648.250749954,"data":"[26362.0s]   s1 e02  loss 0.9187 | val roc_auc 0.6922 | best 0.6939\n"}
,{"stream_name":"stdout","time":26691.241604466,"data":"[26405.0s]   s1 e03  loss 0.9042 | val roc_auc 0.7031 | best 0.7031  *\n"}
,{"stream_name":"stdout","time":26734.397075686,"data":"[26448.2s]   s1 e04  loss 0.9067 | val roc_auc 0.7036 | best 0.7036  *\n"}
,{"stream_name":"stdout","time":26777.294183724,"data":"[26491.1s]   s1 e05  loss 0.8788 | val roc_auc 0.7052 | best 0.7052  *\n"}
,{"stream_name":"stdout","time":26821.257100314,"data":"[26535.0s]   s1 e06  loss 0.8837 | val roc_auc 0.7078 | best 0.7078  *\n"}
,{"stream_name":"stdout","time":26865.288934895,"data":"[26579.1s]   s1 e07  loss 0.8588 | val roc_auc 0.7127 | best 0.7127  *\n"}
,{"stream_name":"stdout","time":26908.728841399,"data":"[26622.5s]   s1 e08  loss 0.8498 | val roc_auc 0.7088 | best 0.7127\n"}
,{"stream_name":"stdout","time":26951.82461556,"data":"[26665.6s]   s1 e09  loss 0.8755 | val roc_auc 0.7050 | best 0.7127\n"}
,{"stream_name":"stdout","time":26952.053850683,"data":"[26665.8s] --- main/image_mil/final stage 2 (lr=1.0e-04, \u003c=15 epochs, patience 4) ---\n"}
,{"stream_name":"stdout","time":26999.049983779,"data":"[26712.8s]   s2 e00  loss 0.9628 | val roc_auc 0.8926 | best 0.8926  *\n"}
,{"stream_name":"stdout","time":27046.765736251,"data":"[26760.5s]   s2 e01  loss 0.7103 | val roc_auc 0.9188 | best 0.9188  *\n"}
,{"stream_name":"stdout","time":27094.729207106,"data":"[26808.5s]   s2 e02  loss 0.6197 | val roc_auc 0.9362 | best 0.9362  *\n"}
,{"stream_name":"stdout","time":27141.885881604,"data":"[26855.7s]   s2 e03  loss 0.5716 | val roc_auc 0.9432 | best 0.9432  *\n"}
,{"stream_name":"stdout","time":27189.540631694,"data":"[26903.3s]   s2 e04  loss 0.5583 | val roc_auc 0.9336 | best 0.9432\n"}
,{"stream_name":"stdout","time":27236.792057309,"data":"[26950.6s]   s2 e05  loss 0.4896 | val roc_auc 0.9388 | best 0.9432\n"}
,{"stream_name":"stdout","time":27284.156359006,"data":"[26997.9s]   s2 e06  loss 0.4536 | val roc_auc 0.9322 | best 0.9432\n"}
,{"stream_name":"stdout","time":27331.899400226,"data":"[27045.7s]   s2 e07  loss 0.4218 | val roc_auc 0.9344 | best 0.9432\n"}
,{"stream_name":"stdout","time":27332.469401442,"data":"[27046.2s]   early stop after 4 epochs without improvement\n"}
,{"stream_name":"stdout","time":27332.707819835,"data":"[27046.5s] main/image_mil/final: finished. best val roc_auc = 0.9432 (stage 2, epoch 3)\n"}
,{"stream_name":"stdout","time":27332.743872747,"data":"[27046.5s] final predictor: refit over 1 checkpoint(s)\n"}
,{"stream_name":"stdout","time":27347.251697467,"data":"[27061.0s] image_mil test ROC-AUC = 0.9231  (PR-AUC 0.9012, F1@0.5 0.8447)\n"}
,{"stream_name":"stdout","time":27347.267358514,"data":"[27061.0s] \n"}
,{"stream_name":"stdout","time":27347.267401565,"data":"== calibration (image_mil) ==\n"}
,{"stream_name":"stdout","time":27347.267408732,"data":"   cohort                     condition      ece    brier  ece_benign  ece_malignant\n"}
,{"stream_name":"stdout","time":27347.267413594,"data":"Dev (OOF)          Before temp. scaling 0.120811 0.127016    0.195438       0.119452\n"}
,{"stream_name":"stdout","time":27347.267418561,"data":"Dev (OOF) After temp. scaling (T=2.313) 0.125525 0.113811    0.238556       0.193720\n"}
,{"stream_name":"stdout","time":27347.267423556,"data":" Test set            Temp. scaling only 0.103254 0.126674    0.353573       0.225849\n"}
,{"stream_name":"stdout","time":27347.267428921,"data":" Test set      + Prior-shift correction 0.226022 0.186937    0.534603       0.111406\n"}
,{"stream_name":"stdout","time":27347.26770257,"data":"\n"}
,{"stream_name":"stdout","time":27347.26771824,"data":"==============================================================================\n"}
,{"stream_name":"stdout","time":27347.267724434,"data":"ROBUSTNESS AND COUNTERFACTUAL SUITE\n"}
,{"stream_name":"stdout","time":27347.26773088,"data":"==============================================================================\n"}
,{"stream_name":"stdout","time":27347.270392421,"data":"\n"}
,{"stream_name":"stdout","time":27347.270412214,"data":"==============================================================================\n"}
,{"stream_name":"stdout","time":27347.270418955,"data":"SHORTCUT SENSITIVITY (within-patient mask permutation)\n"}
,{"stream_name":"stdout","time":27347.27042462,"data":"==============================================================================\n"}
,{"stream_name":"stdout","time":27347.272527882,"data":"[27061.1s]   707/739 test patients have more than one frame\n"}
,{"stream_name":"stdout","time":27364.923656104,"data":"[27078.7s]   rcaf           0.9865 -\u003e 0.9868  (delta +0.0003)\n"}
,{"stream_name":"stdout","time":27385.303523719,"data":"[27099.1s]   mr_mil         0.9427 -\u003e 0.8977  (delta -0.0450)\n"}
,{"stream_name":"stdout","time":27405.358049304,"data":"[27119.1s]   der_mil        0.9371 -\u003e 0.8976  (delta -0.0394)\n"}
,{"stream_name":"stdout","time":27422.81447386,"data":"[27136.6s]   lesion_mil     0.9540 -\u003e 0.9297  (delta -0.0243)\n"}
,{"stream_name":"stdout","time":27440.13232666,"data":"[27153.9s]   image_mil      0.9203 -\u003e 0.9203  (delta +0.0000)\n"}
,{"stream_name":"stdout","time":27440.136397432,"data":"\n"}
,{"stream_name":"stdout","time":27440.13641832,"data":"==============================================================================\n"}
,{"stream_name":"stdout","time":27440.136437788,"data":"MASK QUALITY SENSITIVITY  |  rcaf\n"}
,{"stream_name":"stdout","time":27440.136442479,"data":"==============================================================================\n"}
,{"stream_name":"stdout","time":27449.446218026,"data":"[27163.2s]   clean      ROC-AUC 0.9869  (delta +0.0000)\n"}
,{"stream_name":"stdout","time":27458.698624628,"data":"[27172.5s]   dilate5    ROC-AUC 0.9853  (delta -0.0016)\n"}
,{"stream_name":"stdout","time":27467.856492902,"data":"[27181.6s]   erode5     ROC-AUC 0.9872  (delta +0.0003)\n"}
,{"stream_name":"stdout","time":27477.152297991,"data":"[27190.9s]   erode15    ROC-AUC 0.8072  (delta -0.1797)\n"}
,{"stream_name":"stdout","time":27486.591752797,"data":"[27200.4s]   dilate15   ROC-AUC 0.9603  (delta -0.0265)\n"}
,{"stream_name":"stdout","time":27495.976547603,"data":"[27209.8s]   zeros      ROC-AUC 0.5137  (delta -0.4732)\n"}
,{"stream_name":"stdout","time":27531.022392198,"data":"[27244.8s] permutation invariance rcaf: mean |dp| = 0.00e+00, max = 0.00e+00\n"}
,{"stream_name":"stdout","time":27531.02412481,"data":"\n"}
,{"stream_name":"stdout","time":27531.024143449,"data":"==============================================================================\n"}
,{"stream_name":"stdout","time":27531.024149824,"data":"FRAME REMOVAL  |  rcaf\n"}
,{"stream_name":"stdout","time":27531.024155734,"data":"==============================================================================\n"}
,{"stream_name":"stdout","time":27553.632639653,"data":"[27267.4s]   drop highest_attention        mean |dp| = 0.0769 | ROC-AUC after = 0.9724\n"}
,{"stream_name":"stdout","time":27567.920980072,"data":"[27281.7s]   drop lowest_attention         mean |dp| = 0.0360 | ROC-AUC after = 0.9853\n"}
,{"stream_name":"stdout","time":27581.292460137,"data":"[27295.1s]   drop random                   mean |dp| = 0.0523 | ROC-AUC after = 0.9775\n"}
,{"stream_name":"stdout","time":27581.296316764,"data":"\n"}
,{"stream_name":"stdout","time":27581.29634327,"data":"==============================================================================\n"}
,{"stream_name":"stdout","time":27581.296351353,"data":"MASK QUALITY SENSITIVITY  |  mr_mil\n"}
,{"stream_name":"stdout","time":27581.296358062,"data":"==============================================================================\n"}
,{"stream_name":"stdout","time":27591.186288643,"data":"[27305.0s]   clean      ROC-AUC 0.9422  (delta +0.0000)\n"}
,{"stream_name":"stdout","time":27601.018026199,"data":"[27314.8s]   dilate5    ROC-AUC 0.9415  (delta -0.0007)\n"}
,{"stream_name":"stdout","time":27610.974456543,"data":"[27324.8s]   erode5     ROC-AUC 0.9422  (delta +0.0000)\n"}
,{"stream_name":"stdout","time":27621.08401473,"data":"[27334.9s]   erode15    ROC-AUC 0.8919  (delta -0.0502)\n"}
,{"stream_name":"stdout","time":27631.674416389,"data":"[27345.5s]   dilate15   ROC-AUC 0.9278  (delta -0.0144)\n"}
,{"stream_name":"stdout","time":27641.321463419,"data":"[27355.1s]   zeros      ROC-AUC 0.5000  (delta -0.4422)\n"}
,{"stream_name":"stdout","time":27681.135423453,"data":"[27394.9s] permutation invariance mr_mil: mean |dp| = 0.00e+00, max = 0.00e+00\n"}
,{"stream_name":"stdout","time":27681.137439015,"data":"\n"}
,{"stream_name":"stdout","time":27681.137466042,"data":"==============================================================================\n"}
,{"stream_name":"stdout","time":27681.137473921,"data":"FRAME REMOVAL  |  mr_mil\n"}
,{"stream_name":"stdout","time":27681.137480363,"data":"==============================================================================\n"}
,{"stream_name":"stdout","time":27706.557098204,"data":"[27420.3s]   drop highest_reliability      mean |dp| = 0.0913 | ROC-AUC after = 0.9174\n"}
,{"stream_name":"stdout","time":27721.683221306,"data":"[27435.5s]   drop lowest_reliability       mean |dp| = 0.0656 | ROC-AUC after = 0.9257\n"}
,{"stream_name":"stdout","time":27737.031909452,"data":"[27450.8s]   drop random                   mean |dp| = 0.0725 | ROC-AUC after = 0.9229\n"}
,{"stream_name":"stdout","time":27737.035890242,"data":"\n"}
,{"stream_name":"stdout","time":27737.0359169,"data":"==============================================================================\n"}
,{"stream_name":"stdout","time":27737.035924713,"data":"MASK QUALITY SENSITIVITY  |  der_mil\n"}
,{"stream_name":"stdout","time":27737.03593158,"data":"==============================================================================\n"}
,{"stream_name":"stdout","time":27747.482768842,"data":"[27461.3s]   clean      ROC-AUC 0.9387  (delta +0.0000)\n"}
,{"stream_name":"stdout","time":27758.054131531,"data":"[27471.8s]   dilate5    ROC-AUC 0.9373  (delta -0.0014)\n"}
,{"stream_name":"stdout","time":27768.689932611,"data":"[27482.5s]   erode5     ROC-AUC 0.9397  (delta +0.0010)\n"}
,{"stream_name":"stdout","time":27779.691988767,"data":"[27493.5s]   erode15    ROC-AUC 0.9091  (delta -0.0296)\n"}
,{"stream_name":"stdout","time":27790.860806868,"data":"[27504.6s]   dilate15   ROC-AUC 0.9189  (delta -0.0198)\n"}
,{"stream_name":"stdout","time":27800.652304618,"data":"[27514.4s]   zeros      ROC-AUC 0.5000  (delta -0.4387)\n"}
,{"stream_name":"stdout","time":27841.916634636,"data":"[27555.7s] permutation invariance der_mil: mean |dp| = 0.00e+00, max = 0.00e+00\n"}
,{"stream_name":"stdout","time":27841.918477142,"data":"\n"}
,{"stream_name":"stdout","time":27841.918501993,"data":"==============================================================================\n"}
,{"stream_name":"stdout","time":27841.918506981,"data":"FRAME REMOVAL  |  der_mil\n"}
,{"stream_name":"stdout","time":27841.918526522,"data":"==============================================================================\n"}
,{"stream_name":"stdout","time":27869.223070861,"data":"[27583.0s]   drop highest_reliability      mean |dp| = 0.0685 | ROC-AUC after = 0.9339\n"}
,{"stream_name":"stdout","time":27886.382946664,"data":"[27600.2s]   drop lowest_reliability       mean |dp| = 0.1108 | ROC-AUC after = 0.9193\n"}
,{"stream_name":"stdout","time":27901.640878487,"data":"[27615.4s]   drop random                   mean |dp| = 0.0786 | ROC-AUC after = 0.9161\n"}
,{"stream_name":"stdout","time":27901.645015177,"data":"\n"}
,{"stream_name":"stdout","time":27901.645040297,"data":"==============================================================================\n"}
,{"stream_name":"stdout","time":27901.645045033,"data":"MASK QUALITY SENSITIVITY  |  lesion_mil\n"}
,{"stream_name":"stdout","time":27901.645048707,"data":"==============================================================================\n"}
,{"stream_name":"stdout","time":27910.590235897,"data":"[27624.4s]   clean      ROC-AUC 0.9554  (delta +0.0000)\n"}
,{"stream_name":"stdout","time":27919.509132149,"data":"[27633.3s]   dilate5    ROC-AUC 0.9569  (delta +0.0014)\n"}
,{"stream_name":"stdout","time":27928.44708482,"data":"[27642.2s]   erode5     ROC-AUC 0.9476  (delta -0.0078)\n"}
,{"stream_name":"stdout","time":27937.786155319,"data":"[27651.6s]   erode15    ROC-AUC 0.7928  (delta -0.1626)\n"}
,{"stream_name":"stdout","time":27947.03040582,"data":"[27660.8s]   dilate15   ROC-AUC 0.9193  (delta -0.0362)\n"}
,{"stream_name":"stdout","time":27956.028720137,"data":"[27669.8s]   zeros      ROC-AUC 0.6957  (delta -0.2597)\n"}
,{"stream_name":"stdout","time":27990.165135761,"data":"[27703.9s] permutation invariance lesion_mil: mean |dp| = 0.00e+00, max = 0.00e+00\n"}
,{"stream_name":"stdout","time":27990.166946419,"data":"\n"}
,{"stream_name":"stdout","time":27990.166991458,"data":"==============================================================================\n"}
,{"stream_name":"stdout","time":27990.166998376,"data":"FRAME REMOVAL  |  lesion_mil\n"}
,{"stream_name":"stdout","time":27990.167002974,"data":"==============================================================================\n"}
,{"stream_name":"stdout","time":28011.928998973,"data":"[27725.7s]   drop highest_attention        mean |dp| = 0.0753 | ROC-AUC after = 0.9451\n"}
,{"stream_name":"stdout","time":28025.079331375,"data":"[27738.9s]   drop lowest_attention         mean |dp| = 0.0427 | ROC-AUC after = 0.9482\n"}
,{"stream_name":"stdout","time":28038.281003439,"data":"[27752.1s]   drop random                   mean |dp| = 0.0573 | ROC-AUC after = 0.9526\n"}
,{"stream_name":"stdout","time":28038.284985934,"data":"\n"}
,{"stream_name":"stdout","time":28038.285012887,"data":"==============================================================================\n"}
,{"stream_name":"stdout","time":28038.285019546,"data":"MASK QUALITY SENSITIVITY  |  image_mil\n"}
,{"stream_name":"stdout","time":28038.285025706,"data":"==============================================================================\n"}
,{"stream_name":"stdout","time":28046.878080527,"data":"[27760.7s]   clean      ROC-AUC 0.9231  (delta +0.0000)\n"}
,{"stream_name":"stdout","time":28055.593359218,"data":"[27769.4s]   dilate5    ROC-AUC 0.9231  (delta +0.0000)\n"}
,{"stream_name":"stdout","time":28064.279496123,"data":"[27778.1s]   erode5     ROC-AUC 0.9231  (delta +0.0000)\n"}
,{"stream_name":"stdout","time":28073.260351676,"data":"[27787.0s]   erode15    ROC-AUC 0.9231  (delta +0.0000)\n"}
,{"stream_name":"stdout","time":28082.367142791,"data":"[27796.1s]   dilate15   ROC-AUC 0.9231  (delta +0.0000)\n"}
,{"stream_name":"stdout","time":28091.285866608,"data":"[27805.1s]   zeros      ROC-AUC 0.9231  (delta +0.0000)\n"}
,{"stream_name":"stdout","time":28124.679560066,"data":"[27838.5s] permutation invariance image_mil: mean |dp| = 8.32e-08, max = 1.76e-04\n"}
,{"stream_name":"stdout","time":28124.681549531,"data":"\n"}
,{"stream_name":"stdout","time":28124.681575426,"data":"==============================================================================\n"}
,{"stream_name":"stdout","time":28124.681580006,"data":"FRAME REMOVAL  |  image_mil\n"}
,{"stream_name":"stdout","time":28124.681583944,"data":"==============================================================================\n"}
,{"stream_name":"stdout","time":28146.421839296,"data":"[27860.2s]   drop highest_attention        mean |dp| = 0.0845 | ROC-AUC after = 0.9053\n"}
,{"stream_name":"stdout","time":28160.666311874,"data":"[27874.4s]   drop lowest_attention         mean |dp| = 0.0478 | ROC-AUC after = 0.9019\n"}
,{"stream_name":"stdout","time":28174.106169173,"data":"[27887.9s]   drop random                   mean |dp| = 0.0641 | ROC-AUC after = 0.9061\n"}
,{"stream_name":"stdout","time":28174.110213922,"data":"\n"}
,{"stream_name":"stdout","time":28174.110233179,"data":"==============================================================================\n"}
,{"stream_name":"stdout","time":28174.110241184,"data":"FRAME CORRUPTION ROBUSTNESS\n"}
,{"stream_name":"stdout","time":28174.11024948,"data":"==============================================================================\n"}
,{"stream_name":"stdout","time":28192.27181158,"data":"[27906.1s]   rcaf           blur       sev 0.5  ROC-AUC 0.9862 (-0.0002)\n"}
,{"stream_name":"stdout","time":28202.065773874,"data":"[27915.8s]   rcaf           blur       sev 1.0  ROC-AUC 0.9858 (-0.0007)\n"}
,{"stream_name":"stdout","time":28212.517344245,"data":"[27926.3s]   rcaf           noise      sev 0.5  ROC-AUC 0.9821 (-0.0043)\n"}
,{"stream_name":"stdout","time":28222.819498215,"data":"[27936.6s]   rcaf           noise      sev 1.0  ROC-AUC 0.9826 (-0.0039)\n"}
,{"stream_name":"stdout","time":28231.932914176,"data":"[27945.7s]   rcaf           contrast   sev 0.5  ROC-AUC 0.9869 (+0.0005)\n"}
,{"stream_name":"stdout","time":28241.273942089,"data":"[27955.1s]   rcaf           contrast   sev 1.0  ROC-AUC 0.9864 (-0.0000)\n"}
,{"stream_name":"stdout","time":28250.487762825,"data":"[27964.3s]   rcaf           occlusion  sev 0.5  ROC-AUC 0.9855 (-0.0010)\n"}
,{"stream_name":"stdout","time":28259.624410653,"data":"[27973.4s]   rcaf           occlusion  sev 1.0  ROC-AUC 0.9860 (-0.0005)\n"}
,{"stream_name":"stdout","time":28268.764642794,"data":"[27982.5s]   rcaf           downres    sev 0.5  ROC-AUC 0.9843 (-0.0021)\n"}
,{"stream_name":"stdout","time":28277.960295501,"data":"[27991.7s]   rcaf           downres    sev 1.0  ROC-AUC 0.9838 (-0.0026)\n"}
,{"stream_name":"stdout","time":28298.701335243,"data":"[28012.5s]   mr_mil         blur       sev 0.5  ROC-AUC 0.9335 (-0.0092)\n"}
,{"stream_name":"stdout","time":28309.261908956,"data":"[28023.0s]   mr_mil         blur       sev 1.0  ROC-AUC 0.9271 (-0.0156)\n"}
,{"stream_name":"stdout","time":28321.01517843,"data":"[28034.8s]   mr_mil         noise      sev 0.5  ROC-AUC 0.9380 (-0.0047)\n"}
,{"stream_name":"stdout","time":28332.692801207,"data":"[28046.5s]   mr_mil         noise      sev 1.0  ROC-AUC 0.9350 (-0.0076)\n"}
,{"stream_name":"stdout","time":28343.116349683,"data":"[28056.9s]   mr_mil         contrast   sev 0.5  ROC-AUC 0.9435 (+0.0008)\n"}
,{"stream_name":"stdout","time":28353.522238052,"data":"[28067.3s]   mr_mil         contrast   sev 1.0  ROC-AUC 0.9394 (-0.0033)\n"}
,{"stream_name":"stdout","time":28363.856152831,"data":"[28077.6s]   mr_mil         occlusion  sev 0.5  ROC-AUC 0.9377 (-0.0050)\n"}
,{"stream_name":"stdout","time":28374.294349062,"data":"[28088.1s]   mr_mil         occlusion  sev 1.0  ROC-AUC 0.9248 (-0.0179)\n"}
,{"stream_name":"stdout","time":28384.854595264,"data":"[28098.6s]   mr_mil         downres    sev 0.5  ROC-AUC 0.9274 (-0.0152)\n"}
,{"stream_name":"stdout","time":28395.171630655,"data":"[28109.0s]   mr_mil         downres    sev 1.0  ROC-AUC 0.9296 (-0.0131)\n"}
,{"stream_name":"stdout","time":28416.547315955,"data":"[28130.3s]   der_mil        blur       sev 0.5  ROC-AUC 0.9299 (-0.0072)\n"}
,{"stream_name":"stdout","time":28427.226619359,"data":"[28141.0s]   der_mil        blur       sev 1.0  ROC-AUC 0.9239 (-0.0132)\n"}
,{"stream_name":"stdout","time":28439.353599592,"data":"[28153.1s]   der_mil        noise      sev 0.5  ROC-AUC 0.9294 (-0.0077)\n"}
,{"stream_name":"stdout","time":28451.36598793,"data":"[28165.1s]   der_mil        noise      sev 1.0  ROC-AUC 0.9276 (-0.0095)\n"}
,{"stream_name":"stdout","time":28462.141404455,"data":"[28175.9s]   der_mil        contrast   sev 0.5  ROC-AUC 0.9383 (+0.0012)\n"}
,{"stream_name":"stdout","time":28472.722976923,"data":"[28186.5s]   der_mil        contrast   sev 1.0  ROC-AUC 0.9323 (-0.0048)\n"}
,{"stream_name":"stdout","time":28483.266649024,"data":"[28197.0s]   der_mil        occlusion  sev 0.5  ROC-AUC 0.9304 (-0.0067)\n"}
,{"stream_name":"stdout","time":28494.021435487,"data":"[28207.8s]   der_mil        occlusion  sev 1.0  ROC-AUC 0.9146 (-0.0224)\n"}
,{"stream_name":"stdout","time":28504.584495568,"data":"[28218.4s]   der_mil        downres    sev 0.5  ROC-AUC 0.9203 (-0.0168)\n"}
,{"stream_name":"stdout","time":28515.161358055,"data":"[28228.9s]   der_mil        downres    sev 1.0  ROC-AUC 0.9213 (-0.0158)\n"}
,{"stream_name":"stdout","time":28532.620047663,"data":"[28246.4s]   lesion_mil     blur       sev 0.5  ROC-AUC 0.9472 (-0.0068)\n"}
,{"stream_name":"stdout","time":28541.433976252,"data":"[28255.2s]   lesion_mil     blur       sev 1.0  ROC-AUC 0.9456 (-0.0084)\n"}
,{"stream_name":"stdout","time":28551.459066253,"data":"[28265.2s]   lesion_mil     noise      sev 0.5  ROC-AUC 0.9465 (-0.0076)\n"}
,{"stream_name":"stdout","time":28561.55160419,"data":"[28275.3s]   lesion_mil     noise      sev 1.0  ROC-AUC 0.9457 (-0.0083)\n"}
,{"stream_name":"stdout","time":28570.252765584,"data":"[28284.0s]   lesion_mil     contrast   sev 0.5  ROC-AUC 0.9518 (-0.0022)\n"}
,{"stream_name":"stdout","time":28579.0657217,"data":"[28292.8s]   lesion_mil     contrast   sev 1.0  ROC-AUC 0.9457 (-0.0083)\n"}
,{"stream_name":"stdout","time":28587.91485635,"data":"[28301.7s]   lesion_mil     occlusion  sev 0.5  ROC-AUC 0.9509 (-0.0031)\n"}
,{"stream_name":"stdout","time":28596.651764294,"data":"[28310.4s]   lesion_mil     occlusion  sev 1.0  ROC-AUC 0.9462 (-0.0078)\n"}
,{"stream_name":"stdout","time":28605.446210165,"data":"[28319.2s]   lesion_mil     downres    sev 0.5  ROC-AUC 0.9440 (-0.0100)\n"}
,{"stream_name":"stdout","time":28614.279302418,"data":"[28328.1s]   lesion_mil     downres    sev 1.0  ROC-AUC 0.9434 (-0.0106)\n"}
,{"stream_name":"stdout","time":28631.489509643,"data":"[28345.3s]   image_mil      blur       sev 0.5  ROC-AUC 0.9176 (-0.0028)\n"}
,{"stream_name":"stdout","time":28640.252645766,"data":"[28354.0s]   image_mil      blur       sev 1.0  ROC-AUC 0.9157 (-0.0046)\n"}
,{"stream_name":"stdout","time":28650.252201514,"data":"[28364.0s]   image_mil      noise      sev 0.5  ROC-AUC 0.9144 (-0.0060)\n"}
,{"stream_name":"stdout","time":28660.249652679,"data":"[28374.0s]   image_mil      noise      sev 1.0  ROC-AUC 0.9116 (-0.0087)\n"}
,{"stream_name":"stdout","time":28669.000544345,"data":"[28382.8s]   image_mil      contrast   sev 0.5  ROC-AUC 0.9208 (+0.0005)\n"}
,{"stream_name":"stdout","time":28677.772584401,"data":"[28391.6s]   image_mil      contrast   sev 1.0  ROC-AUC 0.9131 (-0.0072)\n"}
,{"stream_name":"stdout","time":28686.499108289,"data":"[28400.3s]   image_mil      occlusion  sev 0.5  ROC-AUC 0.9171 (-0.0033)\n"}
,{"stream_name":"stdout","time":28695.334085565,"data":"[28409.1s]   image_mil      occlusion  sev 1.0  ROC-AUC 0.9061 (-0.0143)\n"}
,{"stream_name":"stdout","time":28704.223154539,"data":"[28418.0s]   image_mil      downres    sev 0.5  ROC-AUC 0.9117 (-0.0086)\n"}
,{"stream_name":"stdout","time":28713.357241595,"data":"[28427.1s]   image_mil      downres    sev 1.0  ROC-AUC 0.9084 (-0.0119)\n"}
,{"stream_name":"stdout","time":28713.362069667,"data":"\n"}
,{"stream_name":"stdout","time":28713.362096464,"data":"==============================================================================\n"}
,{"stream_name":"stdout","time":28713.362102595,"data":"EVIDENCE ABLATION (pixel level)  |  der_mil\n"}
,{"stream_name":"stdout","time":28713.362108024,"data":"==============================================================================\n"}
,{"stream_name":"stdout","time":28734.725892256,"data":"[28448.5s]   suppress core     ROC-AUC 0.5000 (-0.4387) | mean |dp| 0.3815\n"}
,{"stream_name":"stdout","time":28745.471791925,"data":"[28459.3s]   suppress margin   ROC-AUC 0.9387 (+0.0000) | mean |dp| 0.0000\n"}
,{"stream_name":"stdout","time":28755.980915976,"data":"[28469.8s]   suppress peri     ROC-AUC 0.9387 (+0.0000) | mean |dp| 0.0000\n"}
,{"stream_name":"stdout","time":28766.463936323,"data":"[28480.2s]   suppress global   ROC-AUC 0.9387 (-0.0000) | mean |dp| 0.0000\n"}
,{"stream_name":"stdout","time":28766.468033354,"data":"\n"}
,{"stream_name":"stdout","time":28766.468062602,"data":"==============================================================================\n"}
,{"stream_name":"stdout","time":28766.468069551,"data":"RELIABILITY RESPONSE TO A CORRUPTED VIEW  |  der_mil\n"}
,{"stream_name":"stdout","time":28766.468075142,"data":"==============================================================================\n"}
,{"stream_name":"stdout","time":28787.530798655,"data":"[28501.3s]   severity                               1.00000\n"}
,{"stream_name":"stdout","time":28787.530865,"data":"[28501.3s]   reliability_frame0_clean               0.60649\n"}
,{"stream_name":"stdout","time":28787.53087086,"data":"[28501.3s]   reliability_frame0_corrupted           0.60650\n"}
,{"stream_name":"stdout","time":28787.530874586,"data":"[28501.3s]   reliability_others_clean               0.12915\n"}
,{"stream_name":"stdout","time":28787.530878154,"data":"[28501.3s]   reliability_others_corrupted           0.12915\n"}
,{"stream_name":"stdout","time":28787.530881751,"data":"[28501.3s]   reliability_drop_on_corrupted          -0.00001\n"}
,{"stream_name":"stdout","time":28787.530885616,"data":"[28501.3s]   reliability_drop_on_clean_peers        0.00000\n"}
,{"stream_name":"stdout","time":28787.530888991,"data":"[28501.3s]   uncertainty_frame0_clean               0.25186\n"}
,{"stream_name":"stdout","time":28787.530892266,"data":"[28501.3s]   uncertainty_frame0_corrupted           0.25188\n"}
,{"stream_name":"stdout","time":28787.530895572,"data":"[28501.3s]   uncertainty_rise_on_corrupted          0.00002\n"}
,{"stream_name":"stdout","time":28787.530898839,"data":"[28501.3s]   attention_frame0_clean                 0.38104\n"}
,{"stream_name":"stdout","time":28787.530902108,"data":"[28501.3s]   attention_frame0_corrupted             0.36290\n"}
,{"stream_name":"stdout","time":28787.532911117,"data":"\n"}
,{"stream_name":"stdout","time":28787.532930969,"data":"==============================================================================\n"}
,{"stream_name":"stdout","time":28787.532937667,"data":"RELIABILITY vs COUNTERFACTUAL INFLUENCE  |  der_mil\n"}
,{"stream_name":"stdout","time":28787.532943119,"data":"==============================================================================\n"}
,{"stream_name":"stdout","time":28879.971596854,"data":"[28593.8s]   mean_within_patient_spearman           0.6653\n"}
,{"stream_name":"stdout","time":28879.971640924,"data":"[28593.8s]   median_within_patient_spearman         0.6741\n"}
,{"stream_name":"stdout","time":28879.971645959,"data":"[28593.8s]   frac_positive_spearman                 1.0000\n"}
,{"stream_name":"stdout","time":28879.971649651,"data":"[28593.8s]   mean_within_patient_kendall            0.5365\n"}
,{"stream_name":"stdout","time":28879.971653306,"data":"[28593.8s]   ttest_t                                116.5980\n"}
,{"stream_name":"stdout","time":28879.97165684,"data":"[28593.8s]   ttest_p                                0.0000\n"}
,{"stream_name":"stdout","time":28890.736358137,"data":"[28604.5s]   strongest agreement cases:\n"}
,{"stream_name":"stdout","time":28890.740153979,"data":"[28604.5s]    patient_id  label         p   support  contradiction  correct\n"}
,{"stream_name":"stdout","time":28890.740204221,"data":"0    00000722      0  0.139279  0.000002       0.746472        1\n"}
,{"stream_name":"stdout","time":28890.740212451,"data":"1    00000694      1  0.608710  0.000002       0.746472        1\n"}
,{"stream_name":"stdout","time":28890.740219042,"data":"2    00000135      1  0.284377  0.000002       0.746472        0\n"}
,{"stream_name":"stdout","time":28890.740225371,"data":"3    00002956      0  0.000741  0.000002       0.746472        1\n"}
,{"stream_name":"stdout","time":28890.740230678,"data":"4    00002965      0  0.061763  0.000002       0.746472        1\n"}
,{"stream_name":"stdout","time":28890.740235824,"data":"5    00001481      0  0.247805  0.000002       0.746472        1\n"}
,{"stream_name":"stdout","time":28890.740240988,"data":"6    00001211      1  0.997868  0.000002       0.746472        1\n"}
,{"stream_name":"stdout","time":28890.740269434,"data":"7    00002188      1  0.999709  0.000002       0.746472        1\n"}
,{"stream_name":"stdout","time":28890.740272776,"data":"8    00002004      0  0.000605  0.000002       0.746472        1\n"}
,{"stream_name":"stdout","time":28890.74027542,"data":"9    00003504      0  0.000161  0.000002       0.746472        1\n"}
,{"stream_name":"stdout","time":28890.74027812,"data":"10   00002223      0  0.002252  0.000002       0.746472        1\n"}
,{"stream_name":"stdout","time":28890.74028075,"data":"11   00003099      0  0.159741  0.000002       0.746472        1\n"}
,{"stream_name":"stdout","time":28890.740283414,"data":"[28604.5s]   strongest contradiction cases:\n"}
,{"stream_name":"stdout","time":28890.7430392,"data":"[28604.5s]     patient_id  label         p   support  contradiction  correct\n"}
,{"stream_name":"stdout","time":28890.743065718,"data":"695   00002751      1  0.003594  0.000001       0.746776        0\n"}
,{"stream_name":"stdout","time":28890.743088319,"data":"696   00002752      0  0.001320  0.000001       0.746776        1\n"}
,{"stream_name":"stdout","time":28890.743093057,"data":"697   00002107      1  0.203233  0.000001       0.746776        0\n"}
,{"stream_name":"stdout","time":28890.743097706,"data":"698   00000304      1  0.988799  0.000001       0.746776        1\n"}
,{"stream_name":"stdout","time":28890.743102339,"data":"699   00002426      1  0.443902  0.000001       0.746776        0\n"}
,{"stream_name":"stdout","time":28890.743106678,"data":"700   00004758      0  0.554531  0.000001       0.746776        0\n"}
,{"stream_name":"stdout","time":28890.743110961,"data":"701   00003602      0  0.000735  0.000001       0.746776        1\n"}
,{"stream_name":"stdout","time":28890.743115892,"data":"702   00000454      1  0.553354  0.000001       0.746796        1\n"}
,{"stream_name":"stdout","time":28890.743120825,"data":"703   00003613      1  0.004755  0.000001       0.746836        0\n"}
,{"stream_name":"stdout","time":28890.74312538,"data":"704   00000126      1  0.827410  0.000001       0.746877        1\n"}
,{"stream_name":"stdout","time":28890.743130252,"data":"705   00004724      1  0.005934  0.000001       0.746957        0\n"}
,{"stream_name":"stdout","time":28890.743135255,"data":"706   00002832      1  0.092524  0.000001       0.746957        0\n"}
,{"stream_name":"stdout","time":28890.745594631,"data":"[28604.5s]   accuracy | high agreement 0.906 (n=351) vs low agreement 0.772 (n=356)\n"}
,{"stream_name":"stdout","time":28890.747982802,"data":"\n"}
,{"stream_name":"stdout","time":28890.748000269,"data":"==============================================================================\n"}
,{"stream_name":"stdout","time":28890.748006979,"data":"TABLES\n"}
,{"stream_name":"stdout","time":28890.748014466,"data":"==============================================================================\n"}
,{"stream_name":"stdout","time":28890.882721542,"data":"[28604.7s] \n"}
,{"stream_name":"stdout","time":28890.882769392,"data":"== development_comparison ==\n"}
,{"stream_name":"stdout","time":28890.882815861,"data":"     model  roc_auc_pooled  roc_auc_fold_mean  roc_auc_fold_std   pr_auc  sensitivity  specificity  precision       f1    brier    n\n"}
,{"stream_name":"stdout","time":28890.882827015,"data":"      rcaf        0.991198           0.992430          0.001955 0.980158     0.952109     0.968914   0.915570 0.933482 0.028620 3354\n"}
,{"stream_name":"stdout","time":28890.882832225,"data":"lesion_mil        0.944968           0.946862          0.002867 0.870798     0.883694     0.865563   0.699458 0.780856 0.098502 3354\n"}
,{"stream_name":"stdout","time":28890.882836975,"data":" image_mil        0.932090           0.936018          0.002348 0.818621     0.901938     0.815906   0.634322 0.744821 0.127016 3354\n"}
,{"stream_name":"stdout","time":28890.882866119,"data":"    mr_mil        0.928661           0.935177          0.002309 0.808041     0.850627     0.868389   0.695896 0.765521 0.110152 3354\n"}
,{"stream_name":"stdout","time":28890.882869852,"data":"   der_mil        0.927960           0.937455          0.003028 0.818030     0.819840     0.878078   0.704212 0.757640 0.104403 3354\n"}
,{"stream_name":"stdout","time":28922.278224805,"data":"[28636.1s] \n"}
,{"stream_name":"stdout","time":28922.278282103,"data":"== test_comparison ==\n"}
,{"stream_name":"stdout","time":28922.278290623,"data":"     model  roc_auc   pr_auc  threshold  sensitivity  specificity  precision       f1  accuracy  tp  tn  fp  fn    brier   n  prevalence     roc_auc_ci      pr_auc_ci sensitivity_ci specificity_ci   precision_ci          f1_ci\n"}
,{"stream_name":"stdout","time":28922.27829876,"data":"      rcaf 0.986863 0.988544        0.5     0.883853     0.989637   0.987342 0.932735  0.939107 312 382   4  41 0.046508 739    0.477673 [0.979, 0.993] [0.983, 0.994] [0.847, 0.915] [0.979, 0.997] [0.975, 0.997] [0.912, 0.950]\n"}
,{"stream_name":"stdout","time":28922.278304834,"data":"lesion_mil 0.955437 0.949788        0.5     0.886686     0.873057   0.864641 0.875524  0.879567 313 337  49  40 0.087030 739    0.477673 [0.942, 0.968] [0.933, 0.965] [0.856, 0.918] [0.837, 0.907] [0.834, 0.897] [0.852, 0.899]\n"}
,{"stream_name":"stdout","time":28922.278310794,"data":"    mr_mil 0.942172 0.932569        0.5     0.838527     0.883420   0.868035 0.853026  0.861976 296 341  45  57 0.103669 739    0.477673 [0.926, 0.957] [0.912, 0.951] [0.799, 0.875] [0.850, 0.915] [0.836, 0.899] [0.826, 0.879]\n"}
,{"stream_name":"stdout","time":28922.278316731,"data":"   der_mil 0.938719 0.930074        0.5     0.742210     0.930052   0.906574 0.816199  0.840325 262 359  27  91 0.121649 739    0.477673 [0.922, 0.954] [0.909, 0.949] [0.697, 0.788] [0.904, 0.953] [0.875, 0.937] [0.784, 0.846]\n"}
,{"stream_name":"stdout","time":28922.278329302,"data":" image_mil 0.923076 0.901246        0.5     0.932011     0.748705   0.772300 0.844673  0.836265 329 289  97  24 0.122849 739    0.477673 [0.904, 0.941] [0.872, 0.929] [0.904, 0.958] [0.705, 0.793] [0.742, 0.805] [0.821, 0.868]\n"}
,{"stream_name":"stdout","time":28939.120275527,"data":"[28652.9s] \n"}
,{"stream_name":"stdout","time":28939.120323068,"data":"== head_to_head ==\n"}
,{"stream_name":"stdout","time":28939.120330974,"data":"  baseline  oof_auc_proposed  oof_auc_baseline  wilcoxon_W  wilcoxon_p   cohens_d  folds_won  boot_mean_diff            boot_ci  test_auc_proposed  test_auc_baseline  delong_z     delong_p\n"}
,{"stream_name":"stdout","time":28939.12033885,"data":"      rcaf          0.937455          0.992430         0.0     1.00000 -26.651931        0.0       -0.063191 [-0.0726, -0.0548]           0.938719           0.986863 -5.794488 6.852977e-09\n"}
,{"stream_name":"stdout","time":28939.120351414,"data":"    mr_mil          0.937455          0.935177        11.0     0.21875   0.502776        0.6       -0.000617  [-0.0086, 0.0070]           0.938719           0.942172 -0.741481 4.584021e-01\n"}
,{"stream_name":"stdout","time":28939.120356205,"data":"lesion_mil          0.937455          0.946862         0.0     1.00000  -2.470858        0.0       -0.016884 [-0.0258, -0.0083]           0.938719           0.955437 -2.346849 1.893291e-02\n"}
,{"stream_name":"stdout","time":28939.120360129,"data":" image_mil          0.937455          0.936018         9.0     0.40625   0.329561        0.4       -0.004115  [-0.0115, 0.0038]           0.938719           0.923076  2.264414 2.354865e-02\n"}
,{"stream_name":"stdout","time":28939.142015764,"data":"[28652.9s] \n"}
,{"stream_name":"stdout","time":28939.142050507,"data":"== thresholds_der_mil ==\n"}
,{"stream_name":"stdout","time":28939.142080021,"data":"    operating_point  threshold  sensitivity  specificity  precision       f1  roc_auc    brier  tp  fp  tn  fn\n"}
,{"stream_name":"stdout","time":28939.142083454,"data":"          Raw @ 0.5   0.500000     0.742210     0.930052   0.906574 0.816199 0.938719 0.121649 262  27 359  91\n"}
,{"stream_name":"stdout","time":28939.142086226,"data":"Calibrated @ youden   0.383859     0.804533     0.911917   0.893082 0.846498 0.938719 0.113017 284  34 352  69\n"}
,{"stream_name":"stdout","time":28939.142089161,"data":"Calibrated @ sens90   0.281446     0.864023     0.873057   0.861582 0.862801 0.938719 0.113017 305  49 337  48\n"}
,{"stream_name":"stdout","time":28939.142091811,"data":"Prior-shifted @ 0.5   0.500000     0.864023     0.873057   0.861582 0.862801 0.938719 0.097491 305  49 337  48\n"}
,{"stream_name":"stdout","time":28939.15134623,"data":"\n"}
,{"stream_name":"stdout","time":28939.151376992,"data":"==============================================================================\n"}
,{"stream_name":"stdout","time":28939.15138237,"data":"SESSION SUMMARY\n"}
,{"stream_name":"stdout","time":28939.151386633,"data":"==============================================================================\n"}
,{"stream_name":"stdout","time":28939.315775865,"data":"elapsed        : 7.99 h of 8.5 h budget\n"}
,{"stream_name":"stdout","time":28939.315841177,"data":"folds trained  : 25 this session\n"}
,{"stream_name":"stdout","time":28939.31584821,"data":"stopped early  : False\n"}
,{"stream_name":"stdout","time":28939.315852042,"data":"\n"}
,{"stream_name":"stdout","time":28939.31585624,"data":"registry on exit:\n"}
,{"stream_name":"stdout","time":28939.315860243,"data":"  [DONE] cf/cases/main/der_mil             2026-08-27 00:54:29\n"}
,{"stream_name":"stdout","time":28939.31586447,"data":"  [DONE] cf/evidence/main/der_mil          2026-08-27 00:52:25\n"}
,{"stream_name":"stdout","time":28939.315868639,"data":"  [DONE] cf/influence/main/der_mil         2026-08-27 00:54:18\n"}
,{"stream_name":"stdout","time":28939.315873649,"data":"  [DONE] cv/main/der_mil/fold0             2026-08-26 19:44:12\n"}
,{"stream_name":"stdout","time":28939.31587787,"data":"  [DONE] cv/main/der_mil/fold1             2026-08-26 20:00:22\n"}
,{"stream_name":"stdout","time":28939.315882004,"data":"  [DONE] cv/main/der_mil/fold2             2026-08-26 20:14:11\n"}
,{"stream_name":"stdout","time":28939.315886755,"data":"  [DONE] cv/main/der_mil/fold3             2026-08-26 20:30:12\n"}
,{"stream_name":"stdout","time":28939.315891084,"data":"  [DONE] cv/main/der_mil/fold4             2026-08-26 20:47:58\n"}
,{"stream_name":"stdout","time":28939.315895775,"data":"  [DONE] cv/main/image_mil/fold0           2026-08-26 22:11:45\n"}
,{"stream_name":"stdout","time":28939.31590069,"data":"  [DONE] cv/main/image_mil/fold1           2026-08-26 22:26:46\n"}
,{"stream_name":"stdout","time":28939.315913292,"data":"  [DONE] cv/main/image_mil/fold2           2026-08-26 22:41:40\n"}
,{"stream_name":"stdout","time":28939.315917495,"data":"  [DONE] cv/main/image_mil/fold3           2026-08-26 22:59:48\n"}
,{"stream_name":"stdout","time":28939.315922056,"data":"  [DONE] cv/main/image_mil/fold4           2026-08-26 23:15:48\n"}
,{"stream_name":"stdout","time":28939.315926744,"data":"  [DONE] cv/main/lesion_mil/fold0          2026-08-26 21:02:38\n"}
,{"stream_name":"stdout","time":28939.315930918,"data":"  [DONE] cv/main/lesion_mil/fold1          2026-08-26 21:16:32\n"}
,{"stream_name":"stdout","time":28939.315935253,"data":"  [DONE] cv/main/lesion_mil/fold2          2026-08-26 21:28:34\n"}
,{"stream_name":"stdout","time":28939.315940049,"data":"  [DONE] cv/main/lesion_mil/fold3          2026-08-26 21:42:21\n"}
,{"stream_name":"stdout","time":28939.315944388,"data":"  [DONE] cv/main/lesion_mil/fold4          2026-08-26 21:56:14\n"}
,{"stream_name":"stdout","time":28939.315966344,"data":"  [DONE] cv/main/mr_mil/fold0              2026-08-26 18:23:39\n"}
,{"stream_name":"stdout","time":28939.315971116,"data":"  [DONE] cv/main/mr_mil/fold1              2026-08-26 18:40:30\n"}
,{"stream_name":"stdout","time":28939.315975521,"data":"  [DONE] cv/main/mr_mil/fold2              2026-08-26 18:55:34\n"}
,{"stream_name":"stdout","time":28939.315979868,"data":"  [DONE] cv/main/mr_mil/fold3              2026-08-26 19:08:32\n"}
,{"stream_name":"stdout","time":28939.315983741,"data":"  [DONE] cv/main/mr_mil/fold4              2026-08-26 19:26:44\n"}
,{"stream_name":"stdout","time":28939.315987771,"data":"  [DONE] cv/main/rcaf/fold0                2026-08-26 17:15:07\n"}
,{"stream_name":"stdout","time":28939.31599223,"data":"  [DONE] cv/main/rcaf/fold1                2026-08-26 17:33:00\n"}
,{"stream_name":"stdout","time":28939.315996604,"data":"  [DONE] cv/main/rcaf/fold2                2026-08-26 17:45:48\n"}
,{"stream_name":"stdout","time":28939.316006237,"data":"  [DONE] cv/main/rcaf/fold3                2026-08-26 17:57:47\n"}
,{"stream_name":"stdout","time":28939.316009785,"data":"  [DONE] cv/main/rcaf/fold4                2026-08-26 18:09:05\n"}
,{"stream_name":"stdout","time":28939.316012376,"data":"  [DONE] data/cache/main                   2026-08-26 16:59:16\n"}
,{"stream_name":"stdout","time":28939.316014944,"data":"  [DONE] data/thyroidxl/main               2026-08-26 16:58:05\n"}
,{"stream_name":"stdout","time":28939.316019876,"data":"  [DONE] refit/main/der_mil                2026-08-27 00:01:35\n"}
,{"stream_name":"stdout","time":28939.316022562,"data":"  [DONE] refit/main/image_mil              2026-08-27 00:28:31\n"}
,{"stream_name":"stdout","time":28939.316025127,"data":"  [DONE] refit/main/lesion_mil             2026-08-27 00:14:40\n"}
,{"stream_name":"stdout","time":28939.316027773,"data":"  [DONE] refit/main/mr_mil                 2026-08-26 23:42:40\n"}
,{"stream_name":"stdout","time":28939.316030327,"data":"  [DONE] refit/main/rcaf                   2026-08-26 23:24:29\n"}
,{"stream_name":"stdout","time":28939.316032932,"data":"  [DONE] robust/corrupt/main               2026-08-27 00:51:32\n"}
,{"stream_name":"stdout","time":28939.316035495,"data":"  [DONE] robust/framedrop/main/der_mil     2026-08-27 00:38:00\n"}
,{"stream_name":"stdout","time":28939.316038133,"data":"  [DONE] robust/framedrop/main/image_mil   2026-08-27 00:42:32\n"}
,{"stream_name":"stdout","time":28939.316040693,"data":"  [DONE] robust/framedrop/main/lesion_mil  2026-08-27 00:40:17\n"}
,{"stream_name":"stdout","time":28939.316043256,"data":"  [DONE] robust/framedrop/main/mr_mil      2026-08-27 00:35:15\n"}
,{"stream_name":"stdout","time":28939.316045821,"data":"  [DONE] robust/framedrop/main/rcaf        2026-08-27 00:32:40\n"}
,{"stream_name":"stdout","time":28939.316048475,"data":"  [DONE] robust/mask/main/der_mil          2026-08-27 00:36:19\n"}
,{"stream_name":"stdout","time":28939.316051041,"data":"  [DONE] robust/mask/main/image_mil        2026-08-27 00:41:10\n"}
,{"stream_name":"stdout","time":28939.31605363,"data":"  [DONE] robust/mask/main/lesion_mil       2026-08-27 00:38:54\n"}
,{"stream_name":"stdout","time":28939.316056199,"data":"  [DONE] robust/mask/main/mr_mil           2026-08-27 00:33:40\n"}
,{"stream_name":"stdout","time":28939.316058848,"data":"  [DONE] robust/mask/main/rcaf             2026-08-27 00:31:14\n"}
,{"stream_name":"stdout","time":28939.316061418,"data":"  [DONE] robust/perm/main/der_mil          2026-08-27 00:37:00\n"}
,{"stream_name":"stdout","time":28939.31606397,"data":"  [DONE] robust/perm/main/image_mil        2026-08-27 00:41:43\n"}
,{"stream_name":"stdout","time":28939.316070161,"data":"  [DONE] robust/perm/main/lesion_mil       2026-08-27 00:39:29\n"}
,{"stream_name":"stdout","time":28939.316072953,"data":"  [DONE] robust/perm/main/mr_mil           2026-08-27 00:34:20\n"}
,{"stream_name":"stdout","time":28939.316075505,"data":"  [DONE] robust/perm/main/rcaf             2026-08-27 00:31:49\n"}
,{"stream_name":"stdout","time":28939.316078144,"data":"  [DONE] robust/relresponse/main/der_mil   2026-08-27 00:52:46\n"}
,{"stream_name":"stdout","time":28939.316080701,"data":"  [DONE] robust/shortcut/main              2026-08-27 00:30:19\n"}
,{"stream_name":"stdout","time":28939.31608327,"data":"  [DONE] test/main/der_mil                 2026-08-27 00:01:51\n"}
,{"stream_name":"stdout","time":28939.316085839,"data":"  [DONE] test/main/image_mil               2026-08-27 00:28:46\n"}
,{"stream_name":"stdout","time":28939.316088397,"data":"  [DONE] test/main/lesion_mil              2026-08-27 00:14:56\n"}
,{"stream_name":"stdout","time":28939.316090955,"data":"  [DONE] test/main/mr_mil                  2026-08-26 23:42:57\n"}
,{"stream_name":"stdout","time":28939.31609349,"data":"  [DONE] test/main/rcaf                    2026-08-26 23:24:45\n"}
,{"stream_name":"stdout","time":28939.316096071,"data":"\n"}
,{"stream_name":"stdout","time":28939.31609854,"data":"folds still to do: 0\n"}
,{"stream_name":"stdout","time":28939.316101066,"data":"\n"}
,{"stream_name":"stdout","time":28939.316103508,"data":"\u003e\u003e\u003e All folds complete. \u003c\u003c\u003c\n"}
,{"stream_name":"stdout","time":28939.316106564,"data":"\n"}
,{"stream_name":"stdout","time":28939.316109027,"data":"output: 23520 files, 12.87 GB\n"}
,{"stream_name":"stderr","time":28944.353540769,"data":"/usr/local/lib/python3.12/dist-packages/mistune.py:435: SyntaxWarning: invalid escape sequence '\\|'\n"}
,{"stream_name":"stderr","time":28944.353580884,"data":"  cells[i][c] = re.sub('\\\\\\\\\\|', '|', cell)\n"}
,{"stream_name":"stderr","time":28944.63360468,"data":"/usr/local/lib/python3.12/dist-packages/nbconvert/filters/filter_links.py:36: SyntaxWarning: invalid escape sequence '\\_'\n"}
,{"stream_name":"stderr","time":28944.633639782,"data":"  text = re.sub(r'_', '\\_', text) # Escape underscores in display text\n"}
,{"stream_name":"stderr","time":28945.449105682,"data":"[NbConvertApp] Converting notebook __script__.ipynb to html\n"}
,{"stream_name":"stderr","time":28946.95447122,"data":"[NbConvertApp] Writing 439751 bytes to __results__.html\n"}
]